player,position,team,age,club,birth_year,games,games_starts,minutes,minutes_90s,goals,assists,goals_pens,pens_made,pens_att,cards_yellow,cards_red,goals_per90,assists_per90,goals_assists_per90,goals_pens_per90,goals_assists_pens_per90,xg,npxg,xg_assist,npxg_xg_assist,xg_per90,xg_assist_per90,xg_xg_assist_per90,npxg_per90,npxg_xg_assist_per90
Aaron Mooy,MF,Australia,32-087,Celtic,1990,4,4,360,4.0,0,0,0,0,0,1,0,0.00,0.00,0.00,0.00,0.00,0.0,0.0,0.1,0.1,0.01,0.02,0.03,0.01,0.03
Aaron Ramsey,MF,Wales,31-350,Nice,1990,3,3,266,3.0,0,0,0,0,0,1,0,0.00,0.00,0.00,0.00,0.00,0.0,0.0,0.0,0.1,0.01,0.01,0.02,0.01,0.02
Abdelhamid Sabiri,MF,Morocco,26-013,Sampdoria,1996,4,1,136,1.5,0,1,0,0,0,1,0,0.00,0.66,0.66,0.00,0.66,0.1,0.1,0.9,1.0,0.11,0.75,0.86,0.11,0.86
Abdelkarim Hassan,DF,Qatar,29-105,Al Sadd SC,1993,3,3,270,3.0,0,0,0,0,0,0,0,0.00,0.00,0.00,0.00,0.00,0.3,0.3,0.0,0.3,0.10,0.01,0.11,0.10,0.11
Abderrazak Hamdallah,FW,Morocco,31-359,Al-Ittihad,1990,3,0,43,0.5,0,0,0,0,0,0,0,0.00,0.00,0.00,0.00,0.00,0.1,0.1,0.0,0.1,0.12,0.00,0.12,0.12,0.12
Abdessamad Ezzalzouli,FW,Morocco,20-359,Osasuna,2001,2,0,80,0.9,0,0,0,0,0,0,0,0.00,0.00,0.00,0.00,0.00,0.0,0.0,0.1,0.1,0.00,0.26,0.26,0.00,0.26
Abdou Diallo,DF,Senegal,26-221,RB Leipzig,1996,4,4,331,3.7,0,0,0,0,0,0,0,0.00,0.00,0.00,0.00,0.00,0.0,0.0,0.1,0.1,0.01,0.02,0.03,0.01,0.03
Abdul Fatawu Issahaku,FW,Ghana,18-278,Sporting CP,2004,1,0,1,0.0,0,0,0,0,0,0,0,0.00,0.00,0.00,0.00,0.00,0.0,0.0,0.0,0.0,0.00,0.00,0.00,0.00,0.00
Abdulaziz Hatem,MF,Qatar,32-044,Al Rayyan SC,1990,3,2,196,2.2,0,0,0,0,0,0,0,0.00,0.00,0.00,0.00,0.00,0.0,0.0,0.0,0.0,0.01,0.01,0.02,0.01,0.02
Abdulelah Al-Amri,DF,Saudi Arabia,25-330,Al-Nassr,1997,3,2,182,2.0,0,0,0,0,0,2,0,0.00,0.00,0.00,0.00,0.00,0.1,0.1,0.0,0.1,0.03,0.00,0.03,0.03,0.03
Abdulellah Al-Malki,MF,Saudi Arabia,28-061,Al-Hilal,1994,2,2,174,1.9,0,0,0,0,0,2,0,0.00,0.00,0.00,0.00,0.00,0.1,0.1,0.0,0.1,0.06,0.00,0.06,0.06,0.06
Abdullah Madu,DF,Saudi Arabia,29-149,Al-Nassr,1993,1,0,45,0.5,0,0,0,0,0,1,0,0.00,0.00,0.00,0.00,0.00,0.0,0.0,0.0,0.0,0.00,0.00,0.00,0.00,0.00
Abdulrahman Al-Aboud,MF,Saudi Arabia,27-193,Al-Ittihad,1995,2,0,35,0.4,0,0,0,0,0,0,0,0.00,0.00,0.00,0.00,0.00,0.1,0.1,0.0,0.1,0.18,0.06,0.24,0.18,0.24
Abolfazl Jalali,DF,IR Iran,24-168,Esteghlal,1998,1,0,19,0.2,0,0,0,0,0,1,0,0.00,0.00,0.00,0.00,0.00,0.0,0.0,0.0,0.0,0.00,0.00,0.00,0.00,0.00
Achraf Dari,DF,Morocco,23-219,Brest,1999,1,0,34,0.4,0,0,0,0,0,1,0,0.00,0.00,0.00,0.00,0.00,0.0,0.0,0.0,0.0,0.00,0.00,0.00,0.00,0.00
Achraf Hakimi,DF,Morocco,24-037,Paris S-G,1998,5,5,451,5.0,0,1,0,0,0,0,0,0.00,0.20,0.20,0.00,0.20,0.1,0.1,0.3,0.4,0.02,0.07,0.09,0.02,0.09
Adrien Rabiot,MF,France,27-252,Juventus,1995,5,4,388,4.3,1,1,1,0,0,0,0,0.23,0.23,0.46,0.23,0.46,1.0,1.0,0.9,1.9,0.23,0.20,0.43,0.23,0.43
Agustín Canobbio,MF,Uruguay,24-071,Atl Paranaense,1998,1,0,11,0.1,0,0,0,0,0,0,0,0.00,0.00,0.00,0.00,0.00,0.0,0.0,0.0,0.0,0.00,0.00,0.00,0.00,0.00
Ahmad Nourollahi,MF,IR Iran,29-312,Al-Ahli Dubai FC,1993,3,3,223,2.5,0,0,0,0,0,0,0,0.00,0.00,0.00,0.00,0.00,0.1,0.1,0.0,0.1,0.04,0.00,0.04,0.04,0.04
Ahmed Alaaeldin,FW,Qatar,29-314,Al-Gharafa Sports Club,1993,1,0,6,0.1,0,0,0,0,0,0,0,0.00,0.00,0.00,0.00,0.00,0.0,0.0,0.0,0.0,0.00,0.00,0.00,0.00,0.00
Aimen Dahmen,GK,Tunisia,25-317,CS Sfaxien,1997,3,3,270,3.0,0,0,0,0,0,0,0,0.00,0.00,0.00,0.00,0.00,0.0,0.0,0.0,0.0,0.00,0.00,0.00,0.00,0.00
Ajdin Hrustic,MF,Australia,26-159,Hellas Verona,1996,3,0,62,0.7,0,0,0,0,0,0,0,0.00,0.00,0.00,0.00,0.00,0.0,0.0,0.0,0.0,0.04,0.00,0.04,0.04,0.04
Akram Afif,FW,Qatar,26-023,Al Sadd SC,1996,3,3,270,3.0,0,0,0,0,0,1,0,0.00,0.00,0.00,0.00,0.00,0.0,0.0,0.3,0.3,0.02,0.10,0.12,0.02,0.12
Alan Franco,MF,Ecuador,24-112,Talleres,1998,2,1,46,0.5,0,0,0,0,0,0,0,0.00,0.00,0.00,0.00,0.00,0.0,0.0,0.0,0.0,0.00,0.00,0.00,0.00,0.00
Alejandro Balde,DF,Spain,19-054,Barcelona,2003,4,1,126,1.4,0,0,0,0,0,0,0,0.00,0.00,0.00,0.00,0.00,0.0,0.0,0.0,0.0,0.04,0.00,0.04,0.04,0.04
Aleksandar Mitrović,FW,Serbia,28-086,Fulham,1994,3,3,262,2.9,2,0,2,0,0,1,0,0.69,0.00,0.69,0.69,0.69,1.6,1.6,0.7,2.4,0.57,0.24,0.81,0.57,0.81
Alex Sandro,DF,Brazil,31-319,Juventus,1991,3,2,190,2.1,0,0,0,0,0,0,0,0.00,0.00,0.00,0.00,0.00,0.0,0.0,0.1,0.1,0.01,0.04,0.05,0.01,0.05
Alex Telles,DF,Brazil,29-361,Sevilla,1992,2,1,59,0.7,0,0,0,0,0,0,0,0.00,0.00,0.00,0.00,0.00,0.0,0.0,0.0,0.0,0.00,0.00,0.00,0.00,0.00
Alexander Bah,DF,Denmark,25-002,Benfica,1997,2,0,46,0.5,0,0,0,0,0,0,0,0.00,0.00,0.00,0.00,0.00,0.1,0.1,0.1,0.1,0.11,0.14,0.25,0.11,0.25
Alexander Djiku,DF,Ghana,28-124,Strasbourg,1994,2,1,97,1.1,0,0,0,0,0,0,0,0.00,0.00,0.00,0.00,0.00,0.0,0.0,0.0,0.0,0.00,0.00,0.00,0.00,0.00
Alexis Mac Allister,MF,Argentina,23-352,Brighton,1998,4,4,350,3.9,1,0,1,0,0,0,0,0.26,0.00,0.26,0.26,0.26,0.3,0.3,0.4,0.7,0.09,0.11,0.21,0.09,0.21
Alexis Vega,FW,Mexico,25-016,Guadalajara,1997,3,3,193,2.1,0,0,0,0,0,0,0,0.00,0.00,0.00,0.00,0.00,0.8,0.8,0.1,0.9,0.39,0.06,0.44,0.39,0.44
Ali Abdi,DF,Tunisia,28-356,Caen,1993,3,2,188,2.1,0,0,0,0,0,1,0,0.00,0.00,0.00,0.00,0.00,0.0,0.0,0.0,0.0,0.00,0.02,0.02,0.00,0.02
Ali Al Hassan,MF,Saudi Arabia,25-282,Al-Nassr,1997,1,1,45,0.5,0,0,0,0,0,1,0,0.00,0.00,0.00,0.00,0.00,0.1,0.1,0.0,0.1,0.15,0.00,0.15,0.15,0.15
Ali Al-Bulaihi,DF,Saudi Arabia,33-020,Al-Hilal,1989,3,3,216,2.4,0,0,0,0,0,1,0,0.00,0.00,0.00,0.00,0.00,0.0,0.0,0.0,0.0,0.00,0.00,0.00,0.00,0.00
Ali Assadalla,MF,Qatar,29-326,Al Sadd SC,1993,1,0,27,0.3,0,0,0,0,0,0,0,0.00,0.00,0.00,0.00,0.00,0.0,0.0,0.0,0.0,0.00,0.00,0.00,0.00,0.00
Ali Gholizadeh,MF,IR Iran,26-276,Charleroi,1996,3,2,199,2.2,0,1,0,0,0,0,0,0.00,0.45,0.45,0.00,0.45,0.0,0.0,0.2,0.2,0.01,0.07,0.09,0.01,0.09
Ali Karimi,MF,IR Iran,28-303,Kayserispor,1994,3,1,99,1.1,0,0,0,0,0,0,0,0.00,0.00,0.00,0.00,0.00,0.0,0.0,0.0,0.0,0.00,0.00,0.00,0.00,0.00
Ali Maâloul,DF,Tunisia,32-344,Al Ahly SC,1990,1,1,90,1.0,0,0,0,0,0,0,0,0.00,0.00,0.00,0.00,0.00,0.0,0.0,0.0,0.0,0.00,0.00,0.00,0.00,0.00
Alidu Seidu,DF,Ghana,22-190,Clermont Foot,2000,2,2,155,1.7,0,0,0,0,0,2,0,0.00,0.00,0.00,0.00,0.00,0.0,0.0,0.0,0.0,0.01,0.00,0.01,0.01,0.01
Alireza Beiranvand,GK,IR Iran,30-081,Persepolis,1992,2,2,109,1.2,0,0,0,0,0,0,0,0.00,0.00,0.00,0.00,0.00,0.0,0.0,0.0,0.0,0.00,0.00,0.00,0.00,0.00
Alireza Jahanbakhsh,MF,IR Iran,29-122,Feyenoord,1993,2,1,59,0.7,0,0,0,0,0,2,0,0.00,0.00,0.00,0.00,0.00,0.2,0.2,0.0,0.2,0.29,0.00,0.29,0.29,0.29
Alisson,GK,Brazil,30-070,Liverpool,1992,4,4,379,4.2,0,0,0,0,0,0,0,0.00,0.00,0.00,0.00,0.00,0.0,0.0,0.0,0.0,0.00,0.00,0.00,0.00,0.00
Alistair Johnston,DF,Canada,24-064,CF Montréal,1998,3,3,270,3.0,0,0,0,0,0,1,0,0.00,0.00,0.00,0.00,0.00,0.8,0.8,0.2,1.0,0.27,0.06,0.33,0.27,0.33
Almoez Ali,FW,Qatar,26-114,Al Duhail SC,1996,3,3,224,2.5,0,0,0,0,0,1,0,0.00,0.00,0.00,0.00,0.00,0.4,0.4,0.0,0.4,0.15,0.00,0.15,0.15,0.15
Alphonso Davies,MF,Canada,22-039,Bayern Munich,2000,3,3,270,3.0,1,0,1,0,1,1,0,0.33,0.00,0.33,0.33,0.33,1.1,0.3,0.5,0.8,0.36,0.17,0.53,0.09,0.27
Amadou Onana,MF,Belgium,21-117,Everton,2001,2,1,104,1.2,0,0,0,0,0,2,0,0.00,0.00,0.00,0.00,0.00,0.5,0.5,0.0,0.5,0.40,0.00,0.40,0.40,0.40
Andre-Frank Zambo Anguissa,MF,Cameroon,27-025,Napoli,1995,3,3,260,2.9,0,1,0,0,0,0,0,0.00,0.35,0.35,0.00,0.35,0.1,0.1,0.0,0.1,0.02,0.00,0.02,0.02,0.02
Andreas Christensen,DF,Denmark,26-245,Barcelona,1996,3,3,270,3.0,1,0,1,0,0,1,0,0.33,0.00,0.33,0.33,0.33,0.4,0.4,0.0,0.4,0.12,0.00,0.12,0.12,0.12
Andreas Cornelius,FW,Denmark,29-270,FC Copenhagen,1993,3,1,92,1.0,0,0,0,0,0,1,0,0.00,0.00,0.00,0.00,0.00,1.0,1.0,0.1,1.1,1.00,0.09,1.09,1.00,1.09
Andreas Skov Olsen,FW,Denmark,22-347,Club Brugge,1999,2,2,132,1.5,0,0,0,0,0,0,0,0.00,0.00,0.00,0.00,0.00,0.2,0.2,0.0,0.2,0.16,0.00,0.16,0.16,0.16
Andrej Kramarić,FW,Croatia,31-175,Hoffenheim,1991,5,5,343,3.8,2,0,2,0,0,0,0,0.52,0.00,0.52,0.52,0.52,1.6,1.6,0.1,1.7,0.41,0.02,0.43,0.41,0.43
Andries Noppert,GK,Netherlands,28-248,Heerenveen,1994,5,5,480,5.3,0,0,0,0,0,0,0,0.00,0.00,0.00,0.00,0.00,0.0,0.0,0.0,0.0,0.00,0.00,0.00,0.00,0.00
Andrija Živković,DF,Serbia,26-153,PAOK,1996,3,3,210,2.3,0,2,0,0,0,0,0,0.00,0.86,0.86,0.00,0.86,0.1,0.1,1.1,1.2,0.03,0.48,0.50,0.03,0.50
André Ayew,MF,Ghana,32-359,Al Sadd SC,1989,3,3,198,2.2,1,0,1,0,1,1,0,0.45,0.00,0.45,0.45,0.45,1.1,0.4,0.0,0.4,0.52,0.00,0.52,0.16,0.16
André Onana,GK,Cameroon,26-253,Inter,1996,1,1,80,0.9,0,0,0,0,0,0,0,0.00,0.00,0.00,0.00,0.00,0.0,0.0,0.0,0.0,0.00,0.00,0.00,0.00,0.00
André Silva,FW,Portugal,27-035,RB Leipzig,1995,1,0,26,0.3,0,0,0,0,0,0,0,0.00,0.00,0.00,0.00,0.00,0.0,0.0,0.1,0.1,0.00,0.21,0.21,0.00,0.21
Andrés Guardado,MF,Mexico,36-074,Betis,1986,1,1,41,0.5,0,0,0,0,0,0,0,0.00,0.00,0.00,0.00,0.00,0.0,0.0,0.0,0.0,0.00,0.00,0.00,0.00,0.00
Anis Ben Slimane,MF,Tunisia,21-270,Brøndby,2001,2,2,148,1.6,0,0,0,0,0,0,0,0.00,0.00,0.00,0.00,0.00,0.1,0.1,0.1,0.2,0.07,0.06,0.12,0.07,0.12
Ansu Fati,FW,Spain,20-041,Barcelona,2002,2,0,46,0.5,0,0,0,0,0,0,0,0.00,0.00,0.00,0.00,0.00,0.0,0.0,0.0,0.0,0.00,0.00,0.00,0.00,0.00
Ante Budimir,FW,Croatia,31-142,Osasuna,1991,2,0,55,0.6,0,0,0,0,0,0,0,0.00,0.00,0.00,0.00,0.00,0.2,0.2,0.0,0.2,0.37,0.07,0.44,0.37,0.44
Anthony Contreras,FW,Costa Rica,22-316,Club Sport Herediano,2000,3,2,125,1.4,0,0,0,0,0,1,0,0.00,0.00,0.00,0.00,0.00,0.0,0.0,0.0,0.0,0.00,0.01,0.01,0.00,0.01
Antoine Griezmann,MF,France,31-265,Atlético Madrid,1991,5,4,377,4.2,0,3,0,0,0,1,0,0.00,0.72,0.72,0.00,0.72,0.7,0.7,2.6,3.3,0.16,0.62,0.78,0.16,0.78
Antoine Semenyo,FW,Ghana,22-338,Bristol City,2000,2,0,20,0.2,0,0,0,0,0,0,0,0.00,0.00,0.00,0.00,0.00,0.0,0.0,0.0,0.0,0.22,0.00,0.22,0.22,0.22
Antonee Robinson,DF,United States,25-125,Fulham,1997,4,4,359,4.0,0,0,0,0,0,0,0,0.00,0.00,0.00,0.00,0.00,0.0,0.0,0.3,0.3,0.00,0.07,0.07,0.00,0.07
Antonio Rüdiger,DF,Germany,29-283,Real Madrid,1993,3,3,270,3.0,0,0,0,0,0,0,0,0.00,0.00,0.00,0.00,0.00,0.8,0.8,0.0,0.8,0.25,0.00,0.25,0.25,0.25
Antony,FW,Brazil,22-290,Manchester Utd,2000,4,1,172,1.9,0,0,0,0,0,0,0,0.00,0.00,0.00,0.00,0.00,0.2,0.2,0.1,0.4,0.15,0.08,0.22,0.15,0.22
António Silva,DF,Portugal,19-042,Benfica,2003,1,1,90,1.0,0,0,0,0,0,0,0,0.00,0.00,0.00,0.00,0.00,0.0,0.0,0.0,0.0,0.00,0.00,0.00,0.00,0.00
Ao Tanaka,MF,Japan,24-092,Düsseldorf,1998,3,2,171,1.9,1,0,1,0,0,0,0,0.53,0.00,0.53,0.53,0.53,1.0,1.0,0.1,1.0,0.55,0.05,0.60,0.55,0.60
Ardon Jasari,FW,Switzerland,20-134,Luzern,2002,1,0,2,0.0,0,0,0,0,0,0,0,0.00,0.00,0.00,0.00,0.00,0.0,0.0,0.0,0.0,0.00,0.00,0.00,0.00,0.00
Arkadiusz Milik,FW,Poland,28-286,Juventus,1994,3,1,101,1.1,0,0,0,0,0,1,0,0.00,0.00,0.00,0.00,0.00,0.2,0.2,0.1,0.3,0.22,0.09,0.31,0.22,0.31
Artur Jędrzejczyk,DF,Poland,35-037,Legia Warsaw,1987,1,0,19,0.2,0,0,0,0,0,0,0,0.00,0.00,0.00,0.00,0.00,0.0,0.0,0.0,0.0,0.00,0.00,0.00,0.00,0.00
Asiri Haitham,FW,Saudi Arabia,21-261,Al-Ahli,2001,1,0,2,0.0,0,0,0,0,0,0,0,0.00,0.00,0.00,0.00,0.00,0.0,0.0,0.0,0.0,0.00,0.00,0.00,0.00,0.00
Assim Madibo,MF,Qatar,26-050,Al Duhail SC,1996,2,2,153,1.7,0,0,0,0,0,1,0,0.00,0.00,0.00,0.00,0.00,0.0,0.0,0.0,0.0,0.00,0.02,0.02,0.00,0.02
Atiba Hutchinson,MF,Canada,39-306,Beşiktaş,1983,3,2,159,1.8,0,0,0,0,0,0,0,0.00,0.00,0.00,0.00,0.00,0.1,0.1,0.0,0.1,0.07,0.00,0.07,0.07,0.07
Aurélien Tchouaméni,MF,France,22-318,Real Madrid,2000,5,5,411,4.6,1,0,1,0,0,1,0,0.22,0.00,0.22,0.22,0.22,0.3,0.3,0.4,0.7,0.07,0.09,0.16,0.07,0.16
Awer Mabil,MF,Australia,27-087,Cádiz,1995,2,0,24,0.3,0,0,0,0,0,0,0,0.00,0.00,0.00,0.00,0.00,0.0,0.0,0.0,0.0,0.00,0.00,0.00,0.00,0.00
Axel Disasi,DF,France,24-275,Monaco,1998,2,1,91,1.0,0,0,0,0,0,0,0,0.00,0.00,0.00,0.00,0.00,0.1,0.1,0.0,0.1,0.07,0.00,0.07,0.07,0.07
Axel Witsel,MF,Belgium,33-333,Atlético Madrid,1989,3,3,270,3.0,0,0,0,0,0,0,0,0.00,0.00,0.00,0.00,0.00,0.0,0.0,0.0,0.1,0.01,0.02,0.02,0.01,0.02
Ayase Ueda,FW,Japan,24-092,Cercle Brugge,1998,1,1,45,0.5,0,0,0,0,0,0,0,0.00,0.00,0.00,0.00,0.00,0.0,0.0,0.0,0.0,0.00,0.02,0.02,0.00,0.02
Aymeric Laporte,DF,Spain,28-198,Manchester City,1994,3,3,300,3.3,0,0,0,0,0,1,0,0.00,0.00,0.00,0.00,0.00,0.0,0.0,0.0,0.1,0.01,0.01,0.02,0.01,0.02
Aziz Behich,DF,Australia,31-360,Dundee United,1990,4,4,360,4.0,0,0,0,0,0,1,0,0.00,0.00,0.00,0.00,0.00,0.1,0.1,0.0,0.1,0.03,0.00,0.03,0.03,0.03
Azzedine Ounahi,MF,Morocco,22-236,Angers,2000,5,5,443,4.9,0,0,0,0,0,0,0,0.00,0.00,0.00,0.00,0.00,0.1,0.1,0.5,0.6,0.01,0.10,0.11,0.01,0.11
Aïssa Laïdouni,MF,Tunisia,25-363,Ferencváros,1996,3,3,243,2.7,0,1,0,0,0,1,0,0.00,0.37,0.37,0.00,0.37,0.1,0.1,0.4,0.6,0.05,0.16,0.21,0.05,0.21
Baba Rahman,DF,Ghana,28-162,Reading,1994,3,2,183,2.0,0,0,0,0,0,0,0,0.00,0.00,0.00,0.00,0.00,0.0,0.0,0.3,0.3,0.00,0.15,0.15,0.00,0.15
Badr Banoun,DF,Morocco,29-072,Qatar SC,1993,2,0,27,0.3,0,0,0,0,0,0,0,0.00,0.00,0.00,0.00,0.00,0.0,0.0,0.0,0.0,0.00,0.00,0.00,0.00,0.00
Bailey Wright,DF,Australia,30-136,Sunderland,1992,1,0,17,0.2,0,0,0,0,0,0,0,0.00,0.00,0.00,0.00,0.00,0.0,0.0,0.0,0.0,0.00,0.00,0.00,0.00,0.00
Bamba Dieng,FW,Senegal,22-263,Marseille,2000,4,0,100,1.1,1,0,1,0,0,0,0,0.90,0.00,0.90,0.90,0.90,0.5,0.5,0.1,0.6,0.45,0.05,0.50,0.45,0.50
Bartosz Bereszyński,DF,Poland,30-152,Sampdoria,1992,4,4,341,3.8,0,0,0,0,0,1,0,0.00,0.00,0.00,0.00,0.00,0.0,0.0,0.0,0.0,0.00,0.00,0.00,0.00,0.00
Bassam Al-Rawi,DF,Qatar,24-360,Al Duhail SC,1997,1,1,90,1.0,0,0,0,0,0,0,0,0.00,0.00,0.00,0.00,0.00,0.0,0.0,0.0,0.0,0.00,0.03,0.03,0.00,0.03
Ben Davies,DF,Wales,29-231,Tottenham,1993,3,3,238,2.6,0,0,0,0,0,0,0,0.00,0.00,0.00,0.00,0.00,0.3,0.3,0.0,0.3,0.13,0.00,0.13,0.13,0.13
Benjamin Pavard,DF,France,26-258,Bayern Munich,1996,1,1,88,1.0,0,0,0,0,0,0,0,0.00,0.00,0.00,0.00,0.00,0.0,0.0,0.0,0.0,0.00,0.00,0.00,0.00,0.00
Bernardo Silva,MF,Portugal,28-123,Manchester City,1994,5,4,356,4.0,0,0,0,0,0,0,0,0.00,0.00,0.00,0.00,0.00,0.2,0.2,0.4,0.5,0.04,0.09,0.14,0.04,0.14
Borna Barišić,DF,Croatia,30-031,Rangers,1992,1,1,120,1.3,0,0,0,0,0,1,0,0.00,0.00,0.00,0.00,0.00,0.0,0.0,0.1,0.1,0.02,0.12,0.14,0.02,0.14
Borna Sosa,DF,Croatia,24-324,Stuttgart,1998,4,4,379,4.2,0,0,0,0,0,0,0,0.00,0.00,0.00,0.00,0.00,0.1,0.1,0.4,0.4,0.02,0.09,0.10,0.02,0.10
Boualem Khoukhi,DF,Qatar,32-155,Al Sadd SC,1990,3,3,270,3.0,0,0,0,0,0,0,0,0.00,0.00,0.00,0.00,0.00,0.0,0.0,0.0,0.0,0.00,0.00,0.00,0.00,0.00
Boulaye Dia,FW,Senegal,26-025,Salernitana,1996,4,4,318,3.5,1,0,1,0,0,1,0,0.28,0.00,0.28,0.28,0.28,0.7,0.7,0.0,0.8,0.21,0.01,0.22,0.21,0.22
Brandon Aguilera,MF,Costa Rica,19-166,Asociación Deportiva Guanacasteca,2003,3,1,90,1.0,0,0,0,0,0,0,0,0.00,0.00,0.00,0.00,0.00,0.0,0.0,0.0,0.0,0.00,0.00,0.00,0.00,0.00
Breel Embolo,FW,Switzerland,25-300,Monaco,1997,4,4,323,3.6,2,0,2,0,0,0,0,0.56,0.00,0.56,0.56,0.56,2.3,2.3,0.1,2.4,0.64,0.03,0.66,0.64,0.66
Brenden Aaronson,MF,United States,22-050,Leeds United,2000,4,0,108,1.2,0,0,0,0,0,0,0,0.00,0.00,0.00,0.00,0.00,0.1,0.1,0.2,0.3,0.06,0.18,0.24,0.06,0.24
Brennan Johnson,FW,Wales,21-202,Nott'ham Forest,2001,3,0,91,1.0,0,0,0,0,0,0,0,0.00,0.00,0.00,0.00,0.00,0.2,0.2,0.0,0.2,0.21,0.00,0.21,0.21,0.21
Bruno Fernandes,FW,Portugal,28-094,Manchester Utd,1994,4,4,356,4.0,2,3,1,1,1,1,0,0.51,0.76,1.26,0.25,1.01,1.1,0.3,1.7,2.0,0.28,0.42,0.71,0.08,0.51
Bruno Guimarães,MF,Brazil,25-025,Newcastle Utd,1997,2,0,69,0.8,0,0,0,0,0,1,0,0.00,0.00,0.00,0.00,0.00,0.7,0.7,0.0,0.7,0.92,0.00,0.92,0.92,0.92
Bruno Petković,FW,Croatia,28-086,Dinamo Zagreb,1994,4,1,168,1.9,1,0,1,0,0,1,0,0.54,0.00,0.54,0.54,0.54,0.1,0.1,0.3,0.5,0.08,0.22,0.30,0.08,0.30
Bryan Mbeumo,FW,Cameroon,23-126,Brentford,1999,3,3,233,2.6,0,0,0,0,0,0,0,0.00,0.00,0.00,0.00,0.00,0.2,0.2,0.3,0.5,0.08,0.11,0.19,0.08,0.19
Bryan Oviedo,DF,Costa Rica,32-296,Real Salt Lake,1990,3,3,260,2.9,0,0,0,0,0,0,0,0.00,0.00,0.00,0.00,0.00,0.0,0.0,0.0,0.0,0.00,0.00,0.00,0.00,0.00
Bryan Ruiz,MF,Costa Rica,37-115,Liga Deportiva Alajuelense,1985,1,0,30,0.3,0,0,0,0,0,0,0,0.00,0.00,0.00,0.00,0.00,0.0,0.0,0.0,0.0,0.00,0.00,0.00,0.00,0.00
Bukayo Saka,FW,England,21-097,Arsenal,2001,4,4,288,3.2,3,0,3,0,0,0,0,0.94,0.00,0.94,0.94,0.94,0.6,0.6,0.7,1.3,0.20,0.20,0.40,0.20,0.40
Callum Wilson,FW,England,30-287,Newcastle Utd,1992,2,0,48,0.5,0,1,0,0,0,0,0,0.00,1.87,1.87,0.00,1.87,0.0,0.0,0.9,0.9,0.00,1.70,1.70,0.00,1.70
Cameron Carter-Vickers,DF,United States,24-345,Celtic,1997,1,1,90,1.0,0,0,0,0,0,0,0,0.00,0.00,0.00,0.00,0.00,0.0,0.0,0.0,0.0,0.00,0.00,0.00,0.00,0.00
Carlos Gruezo,MF,Ecuador,27-236,Augsburg,1995,1,1,45,0.5,0,0,0,0,0,0,0,0.00,0.00,0.00,0.00,0.00,0.0,0.0,0.0,0.0,0.00,0.00,0.00,0.00,0.00
Carlos Martínez,DF,Costa Rica,23-256,AD San Carlos,1999,1,1,45,0.5,0,0,0,0,0,0,0,0.00,0.00,0.00,0.00,0.00,0.0,0.0,0.0,0.0,0.00,0.00,0.00,0.00,0.00
Carlos Soler,MF,Spain,25-343,Paris S-G,1997,2,0,92,1.0,1,0,1,0,0,0,0,0.98,0.00,0.98,0.98,0.98,0.5,0.5,0.2,0.7,0.78,0.26,1.04,0.78,1.04
Casemiro,MF,Brazil,30-291,Manchester Utd,1992,4,4,390,4.3,1,0,1,0,0,1,0,0.23,0.00,0.23,0.23,0.23,0.4,0.4,0.1,0.6,0.10,0.04,0.14,0.10,0.14
Celso Borges,MF,Costa Rica,34-198,Liga Deportiva Alajuelense,1988,3,3,249,2.8,0,0,0,0,0,1,0,0.00,0.00,0.00,0.00,0.00,0.0,0.0,0.0,0.0,0.00,0.02,0.02,0.00,0.02
Charles De Ketelaere,FW,Belgium,21-276,Milan,2001,1,0,16,0.2,0,0,0,0,0,0,0,0.00,0.00,0.00,0.00,0.00,0.0,0.0,0.0,0.0,0.00,0.00,0.00,0.00,0.00
Charly Rodríguez,MF,Mexico,25-342,Cruz Azul,1997,2,0,34,0.4,0,0,0,0,0,0,0,0.00,0.00,0.00,0.00,0.00,0.0,0.0,0.0,0.0,0.00,0.00,0.00,0.00,0.00
Cheikhou Kouyaté,MF,Senegal,32-355,Nott'ham Forest,1989,1,1,72,0.8,0,0,0,0,0,0,0,0.00,0.00,0.00,0.00,0.00,0.0,0.0,0.0,0.0,0.00,0.05,0.05,0.00,0.05
Cho Guesung,FW,Korea Republic,24-320,Jeonbuk,1998,4,3,275,3.1,2,0,2,0,0,1,0,0.65,0.00,0.65,0.65,0.65,1.1,1.1,0.0,1.1,0.35,0.01,0.36,0.35,0.36
Cho Yumin,FW,Korea Republic,26-024,Daejeon Citizen FC,1996,1,0,1,0.0,0,0,0,0,0,0,0,0.00,0.00,0.00,0.00,0.00,0.0,0.0,0.0,0.0,0.00,0.00,0.00,0.00,0.00
Chris Mepham,DF,Wales,25-036,Bournemouth,1997,3,3,270,3.0,0,0,0,0,0,1,0,0.00,0.00,0.00,0.00,0.00,0.0,0.0,0.2,0.2,0.00,0.07,0.07,0.00,0.07
Christian Bassogog,MF,Cameroon,27-054,Shanghai Shen,1995,1,0,24,0.3,0,0,0,0,0,1,0,0.00,0.00,0.00,0.00,0.00,0.0,0.0,0.0,0.0,0.00,0.00,0.00,0.00,0.00
Christian Eriksen,MF,Denmark,30-300,Manchester Utd,1992,3,3,270,3.0,0,0,0,0,0,0,0,0.00,0.00,0.00,0.00,0.00,0.2,0.2,0.4,0.6,0.06,0.14,0.20,0.06,0.20
Christian Fassnacht,FW,Switzerland,29-030,Young Boys,1993,1,0,8,0.1,0,0,0,0,0,0,0,0.00,0.00,0.00,0.00,0.00,0.2,0.2,0.0,0.2,2.58,0.00,2.58,2.58,2.58
Christian Nørgaard,MF,Denmark,28-276,Brentford,1994,1,0,6,0.1,0,0,0,0,0,0,0,0.00,0.00,0.00,0.00,0.00,0.0,0.0,0.0,0.0,0.00,0.00,0.00,0.00,0.00
Christian Pulisic,FW,United States,24-084,Chelsea,1998,4,4,315,3.5,1,2,1,0,0,0,0,0.29,0.57,0.86,0.29,0.86,1.1,1.1,0.9,2.0,0.30,0.26,0.56,0.30,0.56
Christopher Wooh,DF,Cameroon,21-084,Rennes,2001,1,1,90,1.0,0,0,0,0,0,0,0,0.00,0.00,0.00,0.00,0.00,0.0,0.0,0.0,0.0,0.04,0.00,0.04,0.04,0.04
Cody Gakpo,FW,Netherlands,23-218,PSV Eindhoven,1999,5,5,450,5.0,3,0,3,0,0,0,0,0.60,0.00,0.60,0.60,0.60,0.3,0.3,0.6,0.9,0.06,0.12,0.18,0.06,0.18
Collins Fai,DF,Cameroon,30-120,Al-Ta'ee,1992,3,3,270,3.0,0,0,0,0,0,2,0,0.00,0.00,0.00,0.00,0.00,0.0,0.0,0.0,0.1,0.01,0.01,0.02,0.01,0.02
Connor Roberts,DF,Wales,27-079,Burnley,1995,3,2,200,2.2,0,0,0,0,0,0,0,0.00,0.00,0.00,0.00,0.00,0.0,0.0,0.4,0.4,0.00,0.16,0.16,0.00,0.16
Craig Goodwin,MF,Australia,30-360,Adelaide,1991,4,3,234,2.6,1,1,1,0,0,0,0,0.38,0.38,0.77,0.38,0.77,0.3,0.3,0.6,0.9,0.11,0.25,0.36,0.11,0.36
Cristian Romero,DF,Argentina,24-228,Tottenham,1998,5,4,337,3.7,0,0,0,0,0,1,0,0.00,0.00,0.00,0.00,0.00,0.0,0.0,0.0,0.0,0.00,0.00,0.00,0.00,0.00
Cristiano Ronaldo,FW,Portugal,37-309,Manchester Utd,1985,5,3,290,3.2,1,0,0,1,1,0,0,0.31,0.00,0.31,0.00,0.00,1.6,0.8,0.1,1.0,0.51,0.04,0.55,0.26,0.30
Cyle Larin,FW,Canada,27-238,Club Brugge,1995,3,2,137,1.5,0,0,0,0,0,0,0,0.00,0.00,0.00,0.00,0.00,0.2,0.2,0.5,0.7,0.16,0.34,0.49,0.16,0.49
César Azpilicueta,DF,Spain,33-105,Chelsea,1989,2,2,135,1.5,0,1,0,0,0,0,0,0.00,0.67,0.67,0.00,0.67,0.0,0.0,0.7,0.7,0.00,0.45,0.45,0.00,0.45
César Montes,DF,Mexico,25-290,Monterrey,1997,3,3,270,3.0,0,1,0,0,0,0,0,0.00,0.33,0.33,0.00,0.33,0.2,0.2,0.5,0.7,0.06,0.17,0.23,0.06,0.23
Daichi Kamada,FW,Japan,26-128,Eint Frankfurt,1996,4,4,322,3.6,0,0,0,0,0,0,0,0.00,0.00,0.00,0.00,0.00,0.6,0.6,0.0,0.7,0.18,0.01,0.19,0.18,0.19
Daizen Maeda,FW,Japan,25-052,Celtic,1997,3,3,180,2.0,1,0,1,0,0,0,0,0.50,0.00,0.50,0.50,0.50,0.5,0.5,0.0,0.5,0.24,0.00,0.24,0.24,0.24
Daley Blind,DF,Netherlands,32-277,Ajax,1990,5,5,423,4.7,1,1,1,0,0,0,0,0.21,0.21,0.43,0.21,0.43,0.4,0.4,0.5,0.8,0.08,0.10,0.18,0.08,0.18
Damian Szymański,MF,Poland,27-178,AEK Athens,1995,1,0,29,0.3,0,0,0,0,0,0,0,0.00,0.00,0.00,0.00,0.00,0.0,0.0,0.0,0.0,0.00,0.00,0.00,0.00,0.00
Dani Alves,DF,Brazil,39-219,UNAM,1983,2,1,118,1.3,0,0,0,0,0,0,0,0.00,0.00,0.00,0.00,0.00,0.2,0.2,0.0,0.2,0.14,0.00,0.14,0.14,0.14
Dani Carvajal,DF,Spain,30-334,Real Madrid,1992,2,1,135,1.5,0,0,0,0,0,0,0,0.00,0.00,0.00,0.00,0.00,0.0,0.0,0.0,0.0,0.00,0.00,0.00,0.00,0.00
Dani Olmo,FW,Spain,24-218,RB Leipzig,1998,4,4,367,4.1,1,1,1,0,0,0,0,0.25,0.25,0.49,0.25,0.49,1.4,1.4,0.5,1.9,0.34,0.11,0.46,0.34,0.46
Daniel Amartey,DF,Ghana,27-355,Leicester City,1994,3,3,251,2.8,0,0,0,0,0,2,0,0.00,0.00,0.00,0.00,0.00,0.2,0.2,0.1,0.3,0.08,0.03,0.10,0.08,0.10
Daniel Chacón,MF,Costa Rica,21-244,CS Cartaginés,2001,1,0,1,0.0,0,0,0,0,0,0,0,0.00,0.00,0.00,0.00,0.00,0.0,0.0,0.0,0.0,0.00,0.00,0.00,0.00,0.00
Daniel James,FW,Wales,25-031,Fulham,1997,3,2,154,1.7,0,0,0,0,0,1,0,0.00,0.00,0.00,0.00,0.00,0.0,0.0,0.0,0.0,0.00,0.02,0.02,0.00,0.02
Daniel Kyereh,MF,Ghana,26-278,Freiburg,1996,3,0,33,0.4,0,0,0,0,0,0,0,0.00,0.00,0.00,0.00,0.00,0.0,0.0,0.0,0.0,0.00,0.00,0.00,0.00,0.00
Danilo,DF,Brazil,31-149,Juventus,1991,3,3,281,3.1,0,0,0,0,0,1,0,0.00,0.00,0.00,0.00,0.00,0.0,0.0,0.0,0.0,0.01,0.00,0.01,0.01,0.01
Danilo Pereira,DF,Portugal,31-093,Paris S-G,1991,1,1,90,1.0,0,0,0,0,0,1,0,0.00,0.00,0.00,0.00,0.00,0.0,0.0,0.0,0.0,0.00,0.00,0.00,0.00,0.00
Danny Ward,GK,Wales,29-172,Leicester City,1993,2,1,94,1.0,0,0,0,0,0,0,0,0.00,0.00,0.00,0.00,0.00,0.0,0.0,0.0,0.0,0.00,0.00,0.00,0.00,0.00
Darko Lazović,DF,Serbia,32-087,Hellas Verona,1990,1,0,25,0.3,0,0,0,0,0,0,0,0.00,0.00,0.00,0.00,0.00,0.0,0.0,0.0,0.0,0.05,0.00,0.05,0.05,0.05
Darwin Núñez,FW,Uruguay,23-170,Liverpool,1999,3,3,240,2.7,0,0,0,0,0,1,0,0.00,0.00,0.00,0.00,0.00,0.4,0.4,0.2,0.6,0.14,0.09,0.23,0.14,0.23
David Raum,DF,Germany,24-233,RB Leipzig,1998,3,3,242,2.7,0,1,0,0,0,0,0,0.00,0.37,0.37,0.00,0.37,0.0,0.0,0.6,0.6,0.00,0.22,0.22,0.00,0.22
David Wotherspoon,MF,Canada,32-329,St Johnstone,1990,1,0,15,0.2,0,0,0,0,0,0,0,0.00,0.00,0.00,0.00,0.00,0.0,0.0,0.0,0.0,0.00,0.00,0.00,0.00,0.00
Davy Klaassen,MF,Netherlands,29-293,Ajax,1993,4,3,190,2.1,1,2,1,0,0,0,0,0.47,0.95,1.42,0.47,1.42,0.2,0.2,0.3,0.5,0.11,0.14,0.25,0.11,0.25
Dayot Upamecano,DF,France,24-045,Bayern Munich,1998,4,4,360,4.0,0,0,0,0,0,0,0,0.00,0.00,0.00,0.00,0.00,0.0,0.0,0.0,0.1,0.01,0.01,0.02,0.01,0.02
DeAndre Yedlin,DF,United States,29-155,Inter Miami,1993,2,0,33,0.4,0,0,0,0,0,0,0,0.00,0.00,0.00,0.00,0.00,0.0,0.0,0.0,0.0,0.00,0.00,0.00,0.00,0.00
Declan Rice,MF,England,23-331,West Ham,1999,5,5,417,4.6,0,0,0,0,0,0,0,0.00,0.00,0.00,0.00,0.00,0.0,0.0,0.0,0.0,0.00,0.01,0.01,0.00,0.01
Dejan Lovren,DF,Croatia,33-159,Zenit,1989,5,5,510,5.7,0,1,0,0,0,1,0,0.00,0.18,0.18,0.00,0.18,0.1,0.1,0.0,0.1,0.02,0.01,0.03,0.02,0.03
Denis Odoi,DF,Ghana,34-198,Club Brugge,1988,1,0,13,0.1,0,0,0,0,0,0,0,0.00,0.00,0.00,0.00,0.00,0.0,0.0,0.0,0.0,0.00,0.00,0.00,0.00,0.00
Denis Zakaria,MF,Switzerland,26-021,Chelsea,1996,2,0,59,0.7,0,0,0,0,0,0,0,0.00,0.00,0.00,0.00,0.00,0.0,0.0,0.0,0.0,0.07,0.00,0.07,0.07,0.07
Denzel Dumfries,DF,Netherlands,26-237,Inter,1996,5,5,479,5.3,1,2,1,0,0,2,1,0.19,0.38,0.56,0.19,0.56,0.4,0.4,0.3,0.7,0.08,0.06,0.14,0.08,0.14
Devis Epassy,GK,Cameroon,29-312,Abha,1993,2,2,180,2.0,0,0,0,0,0,0,0,0.00,0.00,0.00,0.00,0.00,0.0,0.0,0.0,0.0,0.00,0.00,0.00,0.00,0.00
Diego Godín,DF,Uruguay,36-298,Vélez Sarsf,1986,2,2,151,1.7,0,0,0,0,0,0,0,0.00,0.00,0.00,0.00,0.00,0.1,0.1,0.0,0.1,0.03,0.00,0.03,0.03,0.03
Diogo Costa,GK,Portugal,23-083,Porto,1999,5,5,450,5.0,0,0,0,0,0,0,0,0.00,0.00,0.00,0.00,0.00,0.0,0.0,0.0,0.0,0.00,0.01,0.01,0.00,0.01
Diogo Dalot,DF,Portugal,23-268,Manchester Utd,1999,3,3,258,2.9,0,2,0,0,0,0,0,0.00,0.70,0.70,0.00,0.70,0.0,0.0,0.7,0.8,0.01,0.25,0.26,0.01,0.26
Djibril Sow,MF,Switzerland,25-308,Eint Frankfurt,1997,4,4,264,2.9,0,1,0,0,0,0,0,0.00,0.34,0.34,0.00,0.34,0.2,0.2,0.2,0.3,0.06,0.06,0.12,0.06,0.12
Djorkaeff Reasco,FW,Ecuador,23-327,Newell's OB,1999,1,0,27,0.3,0,0,0,0,0,0,0,0.00,0.00,0.00,0.00,0.00,0.0,0.0,0.0,0.0,0.00,0.00,0.00,0.00,0.00
Dominik Livaković,GK,Croatia,27-336,Dinamo Zagreb,1995,5,5,510,5.7,0,0,0,0,0,0,0,0.00,0.00,0.00,0.00,0.00,0.0,0.0,0.0,0.0,0.00,0.00,0.00,0.00,0.00
Dries Mertens,MF,Belgium,35-219,Galatasaray,1987,2,1,76,0.8,0,0,0,0,0,0,0,0.00,0.00,0.00,0.00,0.00,0.8,0.8,0.1,0.9,0.94,0.17,1.11,0.94,1.11
Dušan Tadić,MF,Serbia,34-021,Ajax,1988,3,3,257,2.9,0,2,0,0,0,0,0,0.00,0.70,0.70,0.00,0.70,0.1,0.1,0.7,0.8,0.03,0.25,0.28,0.03,0.28
Dušan Vlahović,FW,Serbia,22-317,Juventus,2000,2,1,79,0.9,1,0,1,0,0,0,0,1.14,0.00,1.14,1.14,1.14,0.8,0.8,0.0,0.8,0.92,0.00,0.92,0.92,0.92
Dylan Bronn,DF,Tunisia,27-175,Salernitana,1995,2,2,162,1.8,0,0,0,0,0,0,0,0.00,0.00,0.00,0.00,0.00,0.1,0.1,0.0,0.1,0.04,0.00,0.04,0.04,0.04
Eden Hazard,MF,Belgium,31-338,Real Madrid,1991,3,2,124,1.4,0,0,0,0,0,0,0,0.00,0.00,0.00,0.00,0.00,0.1,0.1,0.0,0.1,0.04,0.01,0.05,0.04,0.05
Ederson,GK,Brazil,29-116,Manchester City,1993,1,1,90,1.0,0,0,0,0,0,0,0,0.00,0.00,0.00,0.00,0.00,0.0,0.0,0.0,0.0,0.00,0.00,0.00,0.00,0.00
Edimilson Fernandes,FW,Switzerland,26-240,Mainz 05,1996,3,1,145,1.6,0,0,0,0,0,0,0,0.00,0.00,0.00,0.00,0.00,0.0,0.0,0.3,0.4,0.02,0.21,0.23,0.02,0.23
Edinson Cavani,FW,Uruguay,35-300,Valencia,1987,3,1,124,1.4,0,0,0,0,0,1,0,0.00,0.00,0.00,0.00,0.00,0.3,0.3,0.7,1.0,0.21,0.50,0.71,0.21,0.71
Edouard Mendy,GK,Senegal,30-285,Chelsea,1992,4,4,360,4.0,0,0,0,0,0,0,0,0.00,0.00,0.00,0.00,0.00,0.0,0.0,0.0,0.0,0.00,0.01,0.01,0.00,0.01
Edson Álvarez,MF,Mexico,25-048,Ajax,1997,2,2,175,1.9,0,0,0,0,0,1,0,0.00,0.00,0.00,0.00,0.00,0.0,0.0,0.2,0.2,0.01,0.11,0.12,0.01,0.12
Eduardo Camavinga,DF,France,20-031,Real Madrid,2002,1,1,90,1.0,0,0,0,0,0,0,0,0.00,0.00,0.00,0.00,0.00,0.0,0.0,0.0,0.0,0.00,0.02,0.02,0.00,0.02
Ehsan Hajsafi,MF,IR Iran,32-289,AEK Athens,1990,3,3,237,2.6,0,0,0,0,0,0,0,0.00,0.00,0.00,0.00,0.00,0.2,0.2,0.2,0.4,0.06,0.08,0.15,0.06,0.15
Ellyes Skhiri,MF,Tunisia,27-215,Köln,1995,3,3,270,3.0,0,0,0,0,0,0,0,0.00,0.00,0.00,0.00,0.00,0.1,0.1,0.1,0.2,0.02,0.05,0.07,0.02,0.07
Emiliano Martínez,GK,Argentina,30-100,Aston Villa,1992,5,5,480,5.3,0,0,0,0,0,0,0,0.00,0.00,0.00,0.00,0.00,0.0,0.0,0.0,0.0,0.00,0.00,0.00,0.00,0.00
Enner Valencia,FW,Ecuador,33-037,Fenerbahçe,1989,3,3,255,2.8,3,0,2,1,1,0,0,1.06,0.00,1.06,0.71,0.71,2.3,1.5,0.3,1.8,0.80,0.10,0.90,0.52,0.62
Enzo Ebosse,DF,Cameroon,23-275,Udinese,1999,1,1,90,1.0,0,0,0,0,0,0,0,0.00,0.00,0.00,0.00,0.00,0.0,0.0,0.0,0.0,0.00,0.00,0.00,0.00,0.00
Enzo Fernández,MF,Argentina,21-328,Benfica,2001,5,3,354,3.9,1,1,1,0,0,0,0,0.25,0.25,0.51,0.25,0.51,0.2,0.2,0.6,0.8,0.05,0.17,0.22,0.05,0.22
Eray Cömert,DF,Switzerland,24-310,Valencia,1998,2,0,46,0.5,0,0,0,0,0,1,0,0.00,0.00,0.00,0.00,0.00,0.0,0.0,0.0,0.0,0.00,0.00,0.00,0.00,0.00
Eric Dier,DF,England,28-330,Tottenham,1994,2,0,36,0.4,0,0,0,0,0,0,0,0.00,0.00,0.00,0.00,0.00,0.0,0.0,0.0,0.0,0.00,0.00,0.00,0.00,0.00
Eric Maxim Choupo-Moting,FW,Cameroon,33-263,Bayern Munich,1989,3,3,253,2.8,1,0,1,0,0,0,0,0.36,0.00,0.36,0.36,0.36,0.8,0.8,0.0,0.9,0.29,0.02,0.31,0.29,0.31
Erick Gutiérrez,MF,Mexico,27-179,PSV Eindhoven,1995,1,0,49,0.5,0,0,0,0,0,1,0,0.00,0.00,0.00,0.00,0.00,0.0,0.0,0.0,0.0,0.00,0.00,0.00,0.00,0.00
Ethan Ampadu,MF,Wales,22-088,Spezia,2000,3,3,255,2.8,0,0,0,0,0,0,0,0.00,0.00,0.00,0.00,0.00,0.0,0.0,0.1,0.2,0.01,0.04,0.05,0.01,0.05
Everton Ribeiro,MF,Brazil,33-245,Flamengo,1989,1,0,36,0.4,0,0,0,0,0,0,0,0.00,0.00,0.00,0.00,0.00,0.0,0.0,0.1,0.1,0.00,0.21,0.21,0.00,0.21
Exequiel Palacios,MF,Argentina,24-067,Leverkusen,1998,2,0,33,0.4,0,0,0,0,0,0,0,0.00,0.00,0.00,0.00,0.00,0.1,0.1,0.1,0.1,0.19,0.18,0.37,0.19,0.37
Fabian Frei,MF,Switzerland,33-337,Basel,1989,2,0,25,0.3,0,0,0,0,0,0,0,0.00,0.00,0.00,0.00,0.00,0.0,0.0,0.0,0.0,0.00,0.00,0.00,0.00,0.00
Fabian Rieder,FW,Switzerland,20-298,Young Boys,2002,2,1,68,0.8,0,0,0,0,0,1,0,0.00,0.00,0.00,0.00,0.00,0.0,0.0,0.2,0.2,0.00,0.25,0.25,0.00,0.25
Fabian Schär,DF,Switzerland,30-356,Newcastle Utd,1991,2,2,135,1.5,0,0,0,0,0,2,0,0.00,0.00,0.00,0.00,0.00,0.1,0.1,0.0,0.1,0.09,0.00,0.09,0.09,0.09
Fabinho,MF,Brazil,29-049,Liverpool,1993,1,1,90,1.0,0,0,0,0,0,0,0,0.00,0.00,0.00,0.00,0.00,0.0,0.0,0.0,0.0,0.00,0.00,0.00,0.00,0.00
Facundo Pellistri,MF,Uruguay,20-356,Manchester Utd,2001,3,2,181,2.0,0,0,0,0,0,0,0,0.00,0.00,0.00,0.00,0.00,0.2,0.2,0.2,0.4,0.08,0.09,0.17,0.08,0.17
Famara Diedhiou,FW,Senegal,29-361,Alanyaspor,1992,2,1,92,1.0,1,0,1,0,0,0,0,0.98,0.00,0.98,0.98,0.98,0.2,0.2,0.0,0.2,0.19,0.03,0.22,0.19,0.22
Federico Valverde,MF,Uruguay,24-142,Real Madrid,1998,3,3,270,3.0,0,0,0,0,0,0,0,0.00,0.00,0.00,0.00,0.00,0.2,0.2,0.4,0.6,0.06,0.14,0.20,0.06,0.20
Ferjani Sassi,MF,Tunisia,30-268,Al Duhail SC,1992,2,0,48,0.5,0,0,0,0,0,1,0,0.00,0.00,0.00,0.00,0.00,0.0,0.0,0.0,0.0,0.04,0.00,0.04,0.04,0.04
Ferrán Torres,FW,Spain,22-285,Barcelona,2000,4,3,217,2.4,2,0,1,1,1,0,0,0.83,0.00,0.83,0.41,0.41,1.0,0.2,0.2,0.4,0.42,0.07,0.50,0.10,0.17
Filip Kostić,DF,Serbia,30-040,Juventus,1992,2,2,179,2.0,0,0,0,0,0,0,0,0.00,0.00,0.00,0.00,0.00,0.0,0.0,0.0,0.1,0.01,0.02,0.03,0.01,0.03
Filip Mladenović,DF,Serbia,31-118,Legia Warsaw,1991,1,1,65,0.7,0,0,0,0,0,0,0,0.00,0.00,0.00,0.00,0.00,0.0,0.0,0.0,0.0,0.03,0.00,0.03,0.03,0.03
Filip Đuričić,MF,Serbia,30-315,Sampdoria,1992,2,0,14,0.2,0,0,0,0,0,0,0,0.00,0.00,0.00,0.00,0.00,0.0,0.0,0.0,0.0,0.00,0.23,0.23,0.00,0.23
Firas Al-Buraikan,MF,Saudi Arabia,22-211,Al-Fateh,2000,3,3,268,3.0,0,1,0,0,0,0,0,0.00,0.34,0.34,0.00,0.34,0.1,0.1,0.1,0.2,0.04,0.02,0.06,0.04,0.06
Fodé Ballo-Touré,DF,Senegal,25-342,Milan,1997,1,0,7,0.1,0,0,0,0,0,0,0,0.00,0.00,0.00,0.00,0.00,0.0,0.0,0.0,0.0,0.00,0.00,0.00,0.00,0.00
Fran Karačić,DF,Australia,26-213,Brescia,1996,2,1,93,1.0,0,0,0,0,0,0,0,0.00,0.00,0.00,0.00,0.00,0.2,0.2,0.1,0.3,0.17,0.09,0.27,0.17,0.27
Francisco Calvo,DF,Costa Rica,30-156,Konyaspor,1992,2,2,180,2.0,0,0,0,0,0,2,0,0.00,0.00,0.00,0.00,0.00,0.0,0.0,0.0,0.0,0.01,0.00,0.01,0.01,0.01
Fred,MF,Brazil,29-281,Manchester Utd,1993,4,2,142,1.6,0,0,0,0,0,1,0,0.00,0.00,0.00,0.00,0.00,0.3,0.3,0.2,0.6,0.23,0.16,0.39,0.23,0.39
Frenkie de Jong,MF,Netherlands,25-213,Barcelona,1997,5,5,475,5.3,1,1,1,0,0,1,0,0.19,0.19,0.38,0.19,0.38,0.9,0.9,0.2,1.1,0.18,0.04,0.22,0.18,0.22
Félix Torres Caicedo,DF,Ecuador,25-334,Santos,1997,3,3,270,3.0,0,1,0,0,0,0,0,0.00,0.33,0.33,0.00,0.33,0.1,0.1,0.4,0.6,0.04,0.15,0.19,0.04,0.19
Gabriel Jesus,FW,Brazil,25-252,Arsenal,1997,3,1,93,1.0,0,0,0,0,0,0,0,0.00,0.00,0.00,0.00,0.00,0.4,0.4,0.2,0.6,0.35,0.23,0.58,0.35,0.58
Garang Kuol,FW,Australia,18-087,Central Coast,2004,2,0,37,0.4,0,0,0,0,0,0,0,0.00,0.00,0.00,0.00,0.00,0.4,0.4,0.0,0.4,0.92,0.00,0.92,0.92,0.92
Gareth Bale,FW,Wales,33-148,Los Angeles FC,1989,3,3,225,2.5,1,0,0,1,1,1,0,0.40,0.00,0.40,0.00,0.00,0.8,0.0,0.2,0.2,0.32,0.08,0.41,0.01,0.09
Gavi,MF,Spain,18-128,Barcelona,2004,4,4,284,3.2,1,0,1,0,0,0,0,0.32,0.00,0.32,0.32,0.32,0.1,0.1,0.1,0.2,0.04,0.03,0.07,0.04,0.07
Gaël Ondoua,MF,Cameroon,27-037,Hannover 96,1995,2,0,47,0.5,0,0,0,0,0,0,0,0.00,0.00,0.00,0.00,0.00,0.0,0.0,0.0,0.0,0.00,0.00,0.00,0.00,0.00
Georges-Kévin N'Koudou,FW,Cameroon,27-301,Beşiktaş,1995,2,0,27,0.3,0,0,0,0,0,0,0,0.00,0.00,0.00,0.00,0.00,0.0,0.0,0.0,0.0,0.13,0.00,0.13,0.13,0.13
Germán Pezzella,DF,Argentina,31-167,Betis,1991,2,0,55,0.6,0,0,0,0,0,1,0,0.00,0.00,0.00,0.00,0.00,0.1,0.1,0.0,0.1,0.24,0.00,0.24,0.24,0.24
Gerson Torres,MF,Costa Rica,25-105,Club Sport Herediano,1997,1,1,64,0.7,0,0,0,0,0,0,0,0.00,0.00,0.00,0.00,0.00,0.0,0.0,0.0,0.0,0.02,0.00,0.02,0.02,0.02
Ghaylène Chaalali,MF,Tunisia,28-286,Espérance de Tunis,1994,1,0,17,0.2,0,0,0,0,0,0,0,0.00,0.00,0.00,0.00,0.00,0.0,0.0,0.0,0.0,0.00,0.00,0.00,0.00,0.00
Gideon Mensah,DF,Ghana,24-146,Auxerre,1998,1,1,87,1.0,0,1,0,0,0,0,0,0.00,1.03,1.03,0.00,1.03,0.0,0.0,0.3,0.3,0.00,0.28,0.28,0.00,0.28
Gio Reyna,FW,United States,20-028,Dortmund,2002,2,0,53,0.6,0,0,0,0,0,0,0,0.00,0.00,0.00,0.00,0.00,0.1,0.1,0.2,0.2,0.10,0.28,0.38,0.10,0.38
Giorgian De Arrascaeta,MF,Uruguay,28-193,Flamengo,1994,2,1,108,1.2,2,0,2,0,0,0,0,1.67,0.00,1.67,1.67,1.67,1.2,1.2,0.5,1.7,1.01,0.45,1.45,1.01,1.45
Gleison Bremer,DF,Brazil,25-268,Juventus,1997,2,1,109,1.2,0,0,0,0,0,0,0,0.00,0.00,0.00,0.00,0.00,0.2,0.2,0.0,0.2,0.14,0.00,0.14,0.14,0.14
Gonzalo Montiel,DF,Argentina,25-344,Sevilla,1997,3,1,88,1.0,0,0,0,0,0,2,0,0.00,0.00,0.00,0.00,0.00,0.0,0.0,0.0,0.0,0.00,0.05,0.05,0.00,0.05
Gonzalo Plata,MF,Ecuador,22-040,Valladolid,2000,3,3,269,3.0,0,0,0,0,0,0,0,0.00,0.00,0.00,0.00,0.00,0.1,0.1,0.2,0.3,0.05,0.06,0.11,0.05,0.11
Gonçalo Ramos,FW,Portugal,21-174,Benfica,2001,4,2,152,1.7,3,1,3,0,0,0,0,1.78,0.59,2.37,1.78,2.37,1.6,1.6,0.4,1.9,0.93,0.21,1.13,0.93,1.13
Granit Xhaka,MF,Switzerland,30-075,Arsenal,1992,4,4,360,4.0,0,0,0,0,0,1,0,0.00,0.00,0.00,0.00,0.00,0.3,0.3,0.1,0.4,0.08,0.02,0.10,0.08,0.10
Gregor Kobel,GK,Switzerland,25-005,Dortmund,1997,1,1,90,1.0,0,0,0,0,0,0,0,0.00,0.00,0.00,0.00,0.00,0.0,0.0,0.0,0.0,0.00,0.00,0.00,0.00,0.00
Grzegorz Krychowiak,MF,Poland,32-316,Al-Shabab,1990,4,4,332,3.7,0,0,0,0,0,1,0,0.00,0.00,0.00,0.00,0.00,0.0,0.0,0.2,0.2,0.01,0.05,0.05,0.01,0.05
Guido Rodríguez,MF,Argentina,28-243,Betis,1994,1,1,56,0.6,0,0,0,0,0,0,0,0.00,0.00,0.00,0.00,0.00,0.0,0.0,0.0,0.0,0.00,0.00,0.00,0.00,0.00
Guillermo Ochoa,GK,Mexico,37-151,América,1985,3,3,270,3.0,0,0,0,0,0,0,0,0.00,0.00,0.00,0.00,0.00,0.0,0.0,0.0,0.0,0.00,0.00,0.00,0.00,0.00
Guillermo Varela,DF,Uruguay,29-262,Flamengo,1993,3,2,183,2.0,0,0,0,0,0,0,0,0.00,0.00,0.00,0.00,0.00,0.0,0.0,0.1,0.1,0.00,0.05,0.05,0.00,0.05
Haji Wright,FW,United States,24-259,Antalyaspor,1998,4,1,137,1.5,1,0,1,0,0,0,0,0.66,0.00,0.66,0.66,0.66,0.5,0.5,0.0,0.6,0.35,0.02,0.37,0.35,0.37
Hakim Ziyech,FW,Morocco,29-267,Chelsea,1993,5,5,455,5.1,1,1,1,0,0,0,0,0.20,0.20,0.40,0.20,0.40,0.3,0.3,0.6,0.9,0.06,0.13,0.19,0.06,0.19
Hannibal Mejbri,MF,Tunisia,19-324,Birmingham City,2003,1,0,11,0.1,0,0,0,0,0,0,0,0.00,0.00,0.00,0.00,0.00,0.0,0.0,0.0,0.0,0.00,0.00,0.00,0.00,0.00
Haris Seferović,FW,Switzerland,30-292,Galatasaray,1992,3,0,71,0.8,0,0,0,0,0,0,0,0.00,0.00,0.00,0.00,0.00,0.2,0.2,0.0,0.2,0.24,0.03,0.27,0.24,0.27
Harry Kane,FW,England,29-136,Tottenham,1993,5,5,402,4.5,2,3,1,1,2,0,0,0.45,0.67,1.12,0.22,0.90,2.7,1.1,1.5,2.6,0.60,0.34,0.94,0.25,0.59
Harry Maguire,DF,England,29-281,Manchester Utd,1993,5,5,429,4.8,0,1,0,0,0,1,0,0.00,0.21,0.21,0.00,0.21,0.4,0.4,0.0,0.4,0.08,0.01,0.09,0.08,0.09
Harry Souttar,DF,Australia,24-050,Stoke City,1998,4,4,360,4.0,0,0,0,0,0,0,0,0.00,0.00,0.00,0.00,0.00,0.1,0.1,0.0,0.1,0.02,0.01,0.03,0.02,0.03
Harry Wilson,MF,Wales,25-264,Fulham,1997,3,2,160,1.8,0,0,0,0,0,0,0,0.00,0.00,0.00,0.00,0.00,0.1,0.1,0.5,0.6,0.05,0.28,0.33,0.05,0.33
Hassan Al Tambakti,DF,Saudi Arabia,23-305,Al-Shabab,1999,2,2,180,2.0,0,0,0,0,0,1,0,0.00,0.00,0.00,0.00,0.00,0.0,0.0,0.0,0.0,0.00,0.00,0.00,0.00,0.00
Hassan Al-Haydos,MF,Qatar,32-000,Al Sadd SC,1990,3,3,206,2.3,0,0,0,0,0,0,0,0.00,0.00,0.00,0.00,0.00,0.0,0.0,0.6,0.6,0.01,0.27,0.27,0.01,0.27
Hattan Bahebri,MF,Saudi Arabia,30-148,Al-Shabab,1992,2,0,4,0.0,0,1,0,0,0,1,0,0.00,22.50,22.50,0.00,22.50,0.0,0.0,0.6,0.6,0.00,14.37,14.37,0.00,14.37
Henry Martín,FW,Mexico,30-023,América,1992,2,2,146,1.6,1,0,1,0,0,0,0,0.62,0.00,0.62,0.62,0.62,0.9,0.9,0.2,1.1,0.57,0.13,0.70,0.57,0.70
Hernán Galíndez,GK,Ecuador,35-256,SD Aucas,1987,3,3,270,3.0,0,0,0,0,0,0,0,0.00,0.00,0.00,0.00,0.00,0.0,0.0,0.0,0.0,0.00,0.00,0.00,0.00,0.00
Hidemasa Morita,MF,Japan,27-215,Sporting CP,1995,3,3,285,3.2,0,0,0,0,0,0,0,0.00,0.00,0.00,0.00,0.00,0.2,0.2,0.1,0.2,0.05,0.03,0.08,0.05,0.08
Hiroki Ito,DF,Japan,23-213,Stuttgart,1999,1,0,45,0.5,0,0,0,0,0,0,0,0.00,0.00,0.00,0.00,0.00,0.0,0.0,0.0,0.0,0.00,0.09,0.09,0.00,0.09
Hiroki Sakai,MF,Japan,32-243,Urawa Reds,1990,2,1,119,1.3,0,0,0,0,0,0,0,0.00,0.00,0.00,0.00,0.00,0.5,0.5,0.1,0.6,0.54,0.07,0.61,0.54,0.61
Hirving Lozano,FW,Mexico,27-134,Napoli,1995,3,3,252,2.8,0,0,0,0,0,0,0,0.00,0.00,0.00,0.00,0.00,0.2,0.2,1.0,1.2,0.07,0.36,0.42,0.07,0.42
Homam Ahmed,DF,Qatar,23-108,Al-Gharafa Sports Club,1999,3,3,262,2.9,0,0,0,0,0,1,0,0.00,0.00,0.00,0.00,0.00,0.0,0.0,0.0,0.0,0.00,0.01,0.01,0.00,0.01
Hong Chul,DF,Korea Republic,32-085,Daegu,1990,1,0,45,0.5,0,0,0,0,0,0,0,0.00,0.00,0.00,0.00,0.00,0.0,0.0,0.1,0.1,0.00,0.13,0.13,0.00,0.13
Hossein Hosseini,GK,IR Iran,30-164,Esteghlal,1992,2,1,161,1.8,0,0,0,0,0,0,0,0.00,0.00,0.00,0.00,0.00,0.0,0.0,0.0,0.0,0.00,0.00,0.00,0.00,0.00
Hossein Kanaanizadegan,DF,IR Iran,28-263,Al Ahli SC,1994,1,0,45,0.5,0,0,0,0,0,1,0,0.00,0.00,0.00,0.00,0.00,0.0,0.0,0.0,0.0,0.00,0.00,0.00,0.00,0.00
Hugo Lloris,GK,France,35-350,Tottenham,1986,4,4,360,4.0,0,0,0,0,0,0,0,0.00,0.00,0.00,0.00,0.00,0.0,0.0,0.0,0.0,0.00,0.00,0.00,0.00,0.00
Hwang Hee-chan,MF,Korea Republic,26-319,Wolves,1996,2,1,115,1.3,1,0,1,0,0,1,0,0.78,0.00,0.78,0.78,0.78,0.9,0.9,0.0,1.0,0.72,0.03,0.75,0.72,0.75
Hwang In-beom,MF,Korea Republic,26-082,Olympiacos,1996,4,4,334,3.7,0,0,0,0,0,0,0,0.00,0.00,0.00,0.00,0.00,0.2,0.2,0.1,0.3,0.06,0.02,0.08,0.06,0.08
Hwang Ui-jo,FW,Korea Republic,30-105,Olympiacos,1992,4,1,106,1.2,0,0,0,0,0,0,0,0.00,0.00,0.00,0.00,0.00,0.5,0.5,0.0,0.5,0.40,0.00,0.40,0.40,0.40
Héctor Herrera,MF,Mexico,32-236,Houston Dynamo,1990,2,2,160,1.8,0,0,0,0,0,1,0,0.00,0.00,0.00,0.00,0.00,0.0,0.0,0.1,0.1,0.00,0.06,0.06,0.00,0.06
Héctor Moreno,DF,Mexico,34-328,Monterrey,1988,3,3,270,3.0,0,0,0,0,0,1,0,0.00,0.00,0.00,0.00,0.00,0.2,0.2,0.0,0.2,0.06,0.01,0.07,0.06,0.07
Ibrahima Konaté,DF,France,23-200,Liverpool,1999,3,2,196,2.2,0,0,0,0,0,0,0,0.00,0.00,0.00,0.00,0.00,0.4,0.4,0.0,0.4,0.17,0.00,0.17,0.17,0.17
Idrissa Gana Gueye,MF,Senegal,33-076,Everton,1989,3,3,270,3.0,0,0,0,0,0,2,0,0.00,0.00,0.00,0.00,0.00,0.3,0.3,0.1,0.4,0.11,0.03,0.14,0.11,0.14
Iliman Ndiaye,FW,Senegal,22-280,Sheffield Utd,2000,3,2,135,1.5,0,1,0,0,0,0,0,0.00,0.67,0.67,0.00,0.67,0.1,0.1,0.2,0.3,0.09,0.14,0.22,0.09,0.22
Ismail Jakobs,DF,Senegal,23-116,Monaco,1999,4,3,278,3.1,0,1,0,0,0,1,0,0.00,0.32,0.32,0.00,0.32,0.0,0.0,0.3,0.3,0.00,0.10,0.11,0.00,0.11
Ismail Mohamad,FW,Qatar,32-250,Al Duhail SC,1990,2,2,174,1.9,0,1,0,0,0,1,0,0.00,0.52,0.52,0.00,0.52,,,,,,,,,
Ismaila Sarr,FW,Senegal,24-289,Watford,1998,4,4,344,3.8,1,0,0,1,1,0,0,0.26,0.00,0.26,0.00,0.00,1.7,0.9,0.4,1.3,0.43,0.11,0.55,0.23,0.34
Ismaël Koné,MF,Canada,20-188,CF Montréal,2002,3,0,109,1.2,0,0,0,0,0,0,0,0.00,0.00,0.00,0.00,0.00,0.0,0.0,0.1,0.1,0.00,0.05,0.05,0.00,0.05
Issam Jebali,FW,Tunisia,30-351,Odense,1991,3,2,182,2.0,0,0,0,0,0,0,0,0.00,0.00,0.00,0.00,0.00,0.5,0.5,0.2,0.7,0.26,0.08,0.34,0.26,0.34
Ivan Ilić,MF,Serbia,21-269,Hellas Verona,2001,1,0,34,0.4,0,0,0,0,0,0,0,0.00,0.00,0.00,0.00,0.00,0.0,0.0,0.0,0.0,0.00,0.04,0.04,0.00,0.04
Ivan Perišić,FW,Croatia,33-312,Tottenham,1989,5,5,489,5.4,1,2,1,0,0,0,0,0.18,0.37,0.55,0.18,0.55,0.8,0.8,0.7,1.5,0.16,0.13,0.29,0.16,0.29
Iñaki Williams,FW,Ghana,28-179,Athletic Club,1994,3,3,270,3.0,0,0,0,0,0,0,0,0.00,0.00,0.00,0.00,0.00,0.3,0.3,0.2,0.5,0.10,0.07,0.17,0.10,0.17
Jack Grealish,FW,England,27-092,Manchester City,1995,5,0,86,1.0,1,0,1,0,0,0,0,1.05,0.00,1.05,1.05,1.05,0.6,0.6,0.1,0.8,0.69,0.12,0.81,0.69,0.81
Jackson Irvine,MF,Australia,29-279,St. Pauli,1993,4,4,354,3.9,0,0,0,0,0,2,0,0.00,0.00,0.00,0.00,0.00,0.5,0.5,0.0,0.6,0.13,0.01,0.14,0.13,0.14
Jackson Porozo,DF,Ecuador,22-129,Troyes,2000,2,1,96,1.1,0,0,0,0,0,0,0,0.00,0.00,0.00,0.00,0.00,0.1,0.1,0.0,0.1,0.05,0.00,0.05,0.05,0.05
Jakub Kamiński,MF,Poland,20-189,Wolfsburg,2002,4,2,233,2.6,0,0,0,0,0,0,0,0.00,0.00,0.00,0.00,0.00,0.4,0.3,0.2,0.5,0.14,0.09,0.23,0.10,0.19
Jakub Kiwior,DF,Poland,22-299,Spezia,2000,4,4,355,3.9,0,0,0,0,0,1,0,0.00,0.00,0.00,0.00,0.00,0.0,0.0,0.0,0.0,0.01,0.00,0.01,0.01,0.01
Jamal Musiala,MF,Germany,19-288,Bayern Munich,2003,3,3,258,2.9,0,1,0,0,0,0,0,0.00,0.35,0.35,0.00,0.35,1.9,1.9,0.9,2.8,0.67,0.30,0.97,0.67,0.97
Jamie Maclaren,FW,Australia,29-135,Melb City,1993,3,0,55,0.6,0,0,0,0,0,0,0,0.00,0.00,0.00,0.00,0.00,0.0,0.0,0.0,0.0,0.00,0.08,0.08,0.00,0.08
Jan Bednarek,DF,Poland,26-243,Aston Villa,1996,1,0,5,0.1,0,0,0,0,0,0,0,0.00,0.00,0.00,0.00,0.00,0.0,0.0,0.0,0.0,0.00,0.00,0.00,0.00,0.00
Jan Vertonghen,DF,Belgium,35-231,Anderlecht,1987,3,3,270,3.0,0,0,0,0,0,0,0,0.00,0.00,0.00,0.00,0.00,0.2,0.2,0.0,0.2,0.06,0.00,0.06,0.06,0.06
Jason Cummings,FW,Australia,27-132,Central Coast,1995,1,0,35,0.4,0,0,0,0,0,0,0,0.00,0.00,0.00,0.00,0.00,0.0,0.0,0.0,0.0,0.00,0.00,0.00,0.00,0.00
Jawad El Yamiq,DF,Morocco,30-285,Valladolid,1992,4,1,154,1.7,0,0,0,0,0,0,0,0.00,0.00,0.00,0.00,0.00,0.0,0.0,0.0,0.0,0.00,0.00,0.00,0.00,0.00
Jean-Charles Castelletto,DF,Cameroon,27-319,Nantes,1995,2,2,180,2.0,1,1,1,0,0,0,0,0.50,0.50,1.00,0.50,1.00,0.9,0.9,0.3,1.2,0.47,0.15,0.62,0.47,0.62
Jeong Woo-yeong,MF,Korea Republic,23-082,Freiburg,1999,1,1,45,0.5,0,0,0,0,0,0,0,0.00,0.00,0.00,0.00,0.00,0.0,0.0,0.0,0.0,0.06,0.00,0.06,0.06,0.06
Jeremy Doku,MF,Belgium,20-198,Rennes,2002,1,0,19,0.2,0,0,0,0,0,0,0,0.00,0.00,0.00,0.00,0.00,0.0,0.0,0.0,0.0,0.00,0.00,0.00,0.00,0.00
Jeremy Sarmiento,MF,Ecuador,20-178,Brighton,2002,3,0,85,0.9,0,0,0,0,0,0,0,0.00,0.00,0.00,0.00,0.00,0.1,0.1,0.1,0.1,0.07,0.09,0.15,0.07,0.15
Jerome Ngom Mbekeli,MF,Cameroon,24-072,Colombe Sportive du Dja et Lobo,1998,1,0,5,0.1,0,0,0,0,0,0,0,0.00,0.00,0.00,0.00,0.00,0.0,0.0,0.1,0.1,0.00,2.23,2.23,0.00,2.23
Jesper Lindstrøm,MF,Denmark,22-285,Eint Frankfurt,2000,3,2,200,2.2,0,0,0,0,0,0,0,0.00,0.00,0.00,0.00,0.00,0.3,0.3,0.0,0.3,0.14,0.00,0.14,0.14,0.14
Jesús Ferreira,FW,United States,21-352,FC Dallas,2000,1,1,45,0.5,0,0,0,0,0,0,0,0.00,0.00,0.00,0.00,0.00,0.0,0.0,0.0,0.0,0.00,0.00,0.00,0.00,0.00
Jesús Gallardo,DF,Mexico,28-118,Monterrey,1994,3,3,270,3.0,0,0,0,0,0,0,0,0.00,0.00,0.00,0.00,0.00,0.1,0.1,0.0,0.1,0.04,0.01,0.05,0.04,0.05
Jewison Bennette,MF,Costa Rica,18-179,Sunderland,2004,3,1,103,1.1,0,0,0,0,0,0,0,0.00,0.00,0.00,0.00,0.00,0.0,0.0,0.0,0.0,0.04,0.00,0.04,0.04,0.04
Jhegson Méndez,MF,Ecuador,25-229,Los Angeles FC,1997,2,2,180,2.0,0,0,0,0,0,2,0,0.00,0.00,0.00,0.00,0.00,0.0,0.0,0.1,0.1,0.00,0.07,0.07,0.00,0.07
Joachim Andersen,DF,Denmark,26-194,Crystal Palace,1996,3,3,270,3.0,0,1,0,0,0,0,0,0.00,0.33,0.33,0.00,0.33,0.1,0.1,0.2,0.3,0.03,0.08,0.11,0.03,0.11
Joakim Mæhle,DF,Denmark,25-205,Atalanta,1997,3,3,249,2.8,0,0,0,0,0,0,0,0.00,0.00,0.00,0.00,0.00,0.0,0.0,0.0,0.1,0.01,0.01,0.03,0.01,0.03
Joe Allen,MF,Wales,32-272,Swansea City,1990,2,1,94,1.0,0,0,0,0,0,0,0,0.00,0.00,0.00,0.00,0.00,0.1,0.1,0.1,0.2,0.10,0.05,0.15,0.10,0.15
Joe Morrell,MF,Wales,25-342,Portsmouth,1997,2,0,33,0.4,0,0,0,0,0,0,0,0.00,0.00,0.00,0.00,0.00,0.0,0.0,0.0,0.0,0.00,0.00,0.00,0.00,0.00
Joe Rodon,DF,Wales,25-050,Rennes,1997,3,3,270,3.0,0,0,0,0,0,1,0,0.00,0.00,0.00,0.00,0.00,0.0,0.0,0.0,0.0,0.00,0.00,0.00,0.00,0.00
Joel Campbell,FW,Costa Rica,30-168,León,1992,3,3,269,3.0,0,0,0,0,0,1,0,0.00,0.00,0.00,0.00,0.00,0.0,0.0,0.1,0.1,0.00,0.02,0.02,0.00,0.02
Johan Venegas,FW,Costa Rica,34-014,Liga Deportiva Alajuelense,1988,1,1,73,0.8,0,0,0,0,0,0,0,0.00,0.00,0.00,0.00,0.00,0.0,0.0,0.0,0.0,0.00,0.00,0.00,0.00,0.00
John Stones,DF,England,28-197,Manchester City,1994,5,5,434,4.8,0,0,0,0,0,0,0,0.00,0.00,0.00,0.00,0.00,0.4,0.4,0.1,0.4,0.07,0.01,0.09,0.07,0.09
Jonas Hofmann,FW,Germany,30-150,M'Gladbach,1992,2,0,30,0.3,0,0,0,0,0,0,0,0.00,0.00,0.00,0.00,0.00,0.3,0.3,0.1,0.3,0.82,0.16,0.98,0.82,0.98
Jonathan David,FW,Canada,22-331,Lille,2000,3,2,192,2.1,0,0,0,0,0,0,0,0.00,0.00,0.00,0.00,0.00,1.0,0.7,0.0,0.7,0.49,0.00,0.49,0.35,0.35
Jonathan Osorio,MF,Canada,30-182,Toronto FC,1992,3,1,119,1.3,0,0,0,0,0,1,0,0.00,0.00,0.00,0.00,0.00,0.1,0.1,0.0,0.1,0.05,0.00,0.05,0.05,0.05
Jordan Ayew,FW,Ghana,31-091,Crystal Palace,1991,3,2,136,1.5,0,1,0,0,0,0,0,0.00,0.66,0.66,0.00,0.66,0.1,0.1,0.5,0.5,0.03,0.32,0.36,0.03,0.36
Jordan Henderson,MF,England,32-177,Liverpool,1990,4,3,271,3.0,1,0,1,0,0,0,0,0.33,0.00,0.33,0.33,0.33,0.2,0.2,0.3,0.5,0.05,0.11,0.16,0.05,0.16
Jordan Morris,FW,United States,28-046,Seattle,1994,2,0,4,0.0,0,0,0,0,0,0,0,0.00,0.00,0.00,0.00,0.00,0.0,0.0,0.0,0.0,0.00,0.00,0.00,0.00,0.00
Jordan Pickford,GK,England,28-279,Everton,1994,5,5,450,5.0,0,0,0,0,0,0,0,0.00,0.00,0.00,0.00,0.00,0.0,0.0,0.0,0.0,0.00,0.00,0.00,0.00,0.00
Jordan Veretout,MF,France,29-285,Marseille,1993,1,1,62,0.7,0,0,0,0,0,0,0,0.00,0.00,0.00,0.00,0.00,0.0,0.0,0.0,0.0,0.00,0.00,0.00,0.00,0.00
Jordi Alba,DF,Spain,33-265,Barcelona,1989,4,3,264,2.9,0,2,0,0,0,0,0,0.00,0.68,0.68,0.00,0.68,0.0,0.0,0.9,0.9,0.01,0.31,0.32,0.01,0.32
Jorge Eduardo Sánchez,DF,Mexico,25-001,Ajax,1997,2,2,175,1.9,0,0,0,0,0,1,0,0.00,0.00,0.00,0.00,0.00,0.0,0.0,0.0,0.0,0.01,0.00,0.01,0.01,0.01
Josh Sargent,FW,United States,22-294,Norwich City,2000,3,2,157,1.7,0,0,0,0,0,0,0,0.00,0.00,0.00,0.00,0.00,0.4,0.4,0.1,0.4,0.21,0.04,0.25,0.21,0.25
Joshua Kimmich,MF,Germany,27-306,Bayern Munich,1995,3,3,270,3.0,0,0,0,0,0,1,0,0.00,0.00,0.00,0.00,0.00,0.4,0.4,1.1,1.5,0.12,0.37,0.49,0.12,0.49
Josip Juranović,DF,Croatia,27-117,Celtic,1995,5,5,510,5.7,0,1,0,0,0,0,0,0.00,0.18,0.18,0.00,0.18,0.0,0.0,0.3,0.3,0.01,0.06,0.07,0.01,0.07
José Cifuentes,MF,Ecuador,23-274,Los Angeles FC,1999,2,0,59,0.7,0,0,0,0,0,0,0,0.00,0.00,0.00,0.00,0.00,0.0,0.0,0.0,0.0,0.03,0.00,0.03,0.03,0.03
José María Giménez,DF,Uruguay,27-325,Atlético Madrid,1995,3,3,270,3.0,0,0,0,0,0,1,0,0.00,0.00,0.00,0.00,0.00,0.2,0.2,0.0,0.2,0.06,0.00,0.06,0.06,0.06
João Cancelo,DF,Portugal,28-198,Manchester City,1994,4,3,310,3.4,0,0,0,0,0,0,0,0.00,0.00,0.00,0.00,0.00,0.0,0.0,0.0,0.0,0.01,0.00,0.01,0.01,0.01
João Félix,FW,Portugal,23-031,Atlético Madrid,1999,4,4,331,3.7,1,2,1,0,0,1,0,0.27,0.54,0.82,0.27,0.82,0.9,0.9,0.4,1.2,0.24,0.10,0.34,0.24,0.34
João Mário,FW,Portugal,29-326,Benfica,1993,2,1,84,0.9,0,0,0,0,0,0,0,0.00,0.00,0.00,0.00,0.00,0.0,0.0,0.0,0.0,0.00,0.00,0.00,0.00,0.00
João Palhinha,MF,Portugal,27-155,Fulham,1995,3,0,38,0.4,0,0,0,0,0,0,0,0.00,0.00,0.00,0.00,0.00,0.0,0.0,0.1,0.2,0.06,0.30,0.36,0.06,0.36
Joško Gvardiol,DF,Croatia,20-322,RB Leipzig,2002,5,5,510,5.7,0,0,0,0,0,0,0,0.00,0.00,0.00,0.00,0.00,0.1,0.1,0.0,0.1,0.02,0.01,0.03,0.02,0.03
Juan Pablo Vargas,DF,Costa Rica,27-188,Millonarios,1995,1,1,90,1.0,1,0,1,0,0,0,0,1.00,0.00,1.00,1.00,1.00,0.5,0.5,0.0,0.5,0.46,0.00,0.46,0.46,0.46
Jude Bellingham,MF,England,19-165,Dortmund,2003,5,5,414,4.6,1,1,1,0,0,0,0,0.22,0.22,0.43,0.22,0.43,0.6,0.6,0.3,0.9,0.12,0.07,0.19,0.12,0.19
Jules Koundé,DF,France,24-029,Barcelona,1998,4,3,271,3.0,0,0,0,0,0,1,0,0.00,0.00,0.00,0.00,0.00,0.2,0.2,0.1,0.2,0.06,0.02,0.08,0.06,0.08
Julián Álvarez,FW,Argentina,22-314,Manchester City,2000,5,3,289,3.2,2,0,2,0,0,0,0,0.62,0.00,0.62,0.62,0.62,1.6,1.6,0.1,1.6,0.49,0.02,0.51,0.49,0.51
Jung Woo-young,MF,Korea Republic,32-362,Al Sadd SC,1989,4,4,303,3.4,0,0,0,0,0,2,0,0.00,0.00,0.00,0.00,0.00,0.0,0.0,0.1,0.2,0.01,0.04,0.05,0.01,0.05
Junior Hoilett,FW,Canada,32-189,Reading,1990,3,2,161,1.8,0,0,0,0,0,1,0,0.00,0.00,0.00,0.00,0.00,0.1,0.1,0.4,0.5,0.08,0.21,0.28,0.08,0.28
Junya Ito,MF,Japan,29-277,Reims,1993,4,3,324,3.6,0,1,0,0,0,0,0,0.00,0.28,0.28,0.00,0.28,0.2,0.2,0.2,0.4,0.05,0.07,0.12,0.05,0.12
Jurriën Timber,DF,Netherlands,21-177,Ajax,2001,4,4,390,4.3,0,0,0,0,0,1,0,0.00,0.00,0.00,0.00,0.00,0.0,0.0,0.0,0.0,0.00,0.00,0.00,0.00,0.00
Kai Havertz,FW,Germany,23-183,Chelsea,1999,2,1,102,1.1,2,0,2,0,0,0,0,1.76,0.00,1.76,1.76,1.76,1.4,1.4,0.2,1.6,1.19,0.17,1.36,1.19,1.36
Kalidou Koulibaly,DF,Senegal,31-174,Chelsea,1991,4,4,360,4.0,1,0,1,0,0,1,0,0.25,0.00,0.25,0.25,0.25,0.5,0.5,0.0,0.5,0.12,0.01,0.13,0.12,0.13
Kalvin Phillips,MF,England,27-009,Manchester City,1995,2,0,42,0.5,0,1,0,0,0,0,0,0.00,2.14,2.14,0.00,2.14,0.0,0.0,0.1,0.1,0.00,0.17,0.17,0.00,0.17
Kamal Miller,DF,Canada,25-209,CF Montréal,1997,3,3,270,3.0,0,0,0,0,0,1,0,0.00,0.00,0.00,0.00,0.00,0.0,0.0,0.0,0.0,0.00,0.00,0.00,0.00,0.00
Kamaldeen Sulemana,FW,Ghana,20-299,Rennes,2002,2,0,58,0.6,0,0,0,0,0,1,0,0.00,0.00,0.00,0.00,0.00,0.1,0.1,0.0,0.1,0.09,0.00,0.09,0.09,0.09
Kamil Glik,DF,Poland,34-311,Benevento,1988,4,4,360,4.0,0,0,0,0,0,0,0,0.00,0.00,0.00,0.00,0.00,0.2,0.2,0.0,0.2,0.06,0.00,0.06,0.06,0.06
Kamil Grosicki,MF,Poland,34-186,Pogoń Szczecin,1988,1,0,4,0.0,0,0,0,0,0,0,0,0.00,0.00,0.00,0.00,0.00,0.0,0.0,0.1,0.1,0.00,1.69,1.69,0.00,1.69
Kaoru Mitoma,MF,Japan,25-205,Brighton,1997,4,0,165,1.8,0,1,0,0,0,0,0,0.00,0.55,0.55,0.00,0.55,0.1,0.1,1.2,1.3,0.05,0.83,0.88,0.05,0.88
Karim Ansarifard,FW,IR Iran,32-252,AC Omonia,1990,2,0,35,0.4,0,0,0,0,0,0,0,0.00,0.00,0.00,0.00,0.00,0.1,0.1,0.1,0.1,0.17,0.20,0.36,0.17,0.36
Karim Boudiaf,MF,Qatar,32-086,Al Duhail SC,1990,3,2,185,2.1,0,0,0,0,0,1,0,0.00,0.00,0.00,0.00,0.00,0.0,0.0,0.0,0.0,0.00,0.00,0.00,0.00,0.00
Karl Toko Ekambi,FW,Cameroon,30-088,Lyon,1992,3,2,166,1.8,0,0,0,0,0,0,0,0.00,0.00,0.00,0.00,0.00,0.2,0.2,0.3,0.4,0.10,0.14,0.24,0.10,0.24
Karol Świderski,FW,Poland,25-322,Charlotte,1997,1,1,45,0.5,0,0,0,0,0,0,0,0.00,0.00,0.00,0.00,0.00,0.0,0.0,0.0,0.0,0.00,0.00,0.00,0.00,0.00
Kasper Dolberg,FW,Denmark,25-066,Sevilla,1997,3,1,114,1.3,0,0,0,0,0,0,0,0.00,0.00,0.00,0.00,0.00,0.4,0.4,0.1,0.5,0.31,0.05,0.37,0.31,0.37
Kasper Schmeichel,GK,Denmark,36-036,Nice,1986,3,3,270,3.0,0,0,0,0,0,0,0,0.00,0.00,0.00,0.00,0.00,0.0,0.0,0.0,0.0,0.00,0.00,0.00,0.00,0.00
Keanu Baccus,MF,Australia,24-187,St Mirren,1998,4,1,114,1.3,0,0,0,0,0,0,0,0.00,0.00,0.00,0.00,0.00,0.0,0.0,0.0,0.0,0.04,0.00,0.04,0.04,0.04
Kellyn Acosta,MF,United States,27-140,Los Angeles FC,1995,2,0,43,0.5,0,0,0,0,0,1,0,0.00,0.00,0.00,0.00,0.00,0.0,0.0,0.0,0.0,0.00,0.00,0.00,0.00,0.00
Kendall Waston,DF,Costa Rica,34-344,Deportivo Saprissa,1988,3,2,225,2.5,0,0,0,0,0,0,0,0.00,0.00,0.00,0.00,0.00,0.2,0.2,0.0,0.2,0.06,0.00,0.06,0.06,0.06
Kenneth Taylor,MF,Netherlands,20-209,Ajax,2002,1,0,5,0.1,0,0,0,0,0,0,0,0.00,0.00,0.00,0.00,0.00,0.0,0.0,0.0,0.0,0.00,0.00,0.00,0.00,0.00
Kevin De Bruyne,FW,Belgium,31-166,Manchester City,1991,3,3,270,3.0,0,0,0,0,0,0,0,0.00,0.00,0.00,0.00,0.00,0.2,0.2,0.9,1.1,0.08,0.30,0.38,0.08,0.38
Kevin Rodríguez,FW,Ecuador,22-282,,2000,2,0,2,0.0,0,0,0,0,0,0,0,0.00,0.00,0.00,0.00,0.00,,,,,,,,,
Kevin Álvarez,DF,Mexico,23-330,Pachuca,1999,2,1,70,0.8,0,0,0,0,0,0,0,0.00,0.00,0.00,0.00,0.00,0.0,0.0,0.0,0.0,0.00,0.00,0.00,0.00,0.00
Keylor Navas,GK,Costa Rica,35-361,Paris S-G,1986,3,3,270,3.0,0,0,0,0,0,0,0,0.00,0.00,0.00,0.00,0.00,0.0,0.0,0.0,0.0,0.00,0.00,0.00,0.00,0.00
Keysher Fuller,DF,Costa Rica,28-153,Club Sport Herediano,1994,3,3,253,2.8,1,0,1,0,0,0,0,0.36,0.00,0.36,0.36,0.36,0.4,0.4,0.2,0.5,0.14,0.05,0.19,0.14,0.19
Kieffer Moore,FW,Wales,30-125,Bournemouth,1992,3,2,225,2.5,0,0,0,0,0,0,0,0.00,0.00,0.00,0.00,0.00,1.0,1.0,0.2,1.3,0.41,0.10,0.51,0.41,0.51
Kieran Trippier,DF,England,32-083,Newcastle Utd,1990,3,2,206,2.3,0,0,0,0,0,0,0,0.00,0.00,0.00,0.00,0.00,0.0,0.0,0.1,0.2,0.02,0.07,0.09,0.02,0.09
Kim Jin-su,DF,Korea Republic,30-181,Jeonbuk,1992,4,4,315,3.5,0,1,0,0,0,0,0,0.00,0.29,0.29,0.00,0.29,0.3,0.3,0.6,0.9,0.09,0.17,0.27,0.09,0.27
Kim Min-jae,DF,Korea Republic,26-026,Napoli,1996,3,3,269,3.0,0,0,0,0,0,0,0,0.00,0.00,0.00,0.00,0.00,0.1,0.1,0.0,0.1,0.03,0.00,0.03,0.03,0.03
Kim Moonhwan,DF,Korea Republic,27-132,Jeonbuk,1995,4,4,360,4.0,0,0,0,0,0,0,0,0.00,0.00,0.00,0.00,0.00,0.0,0.0,0.6,0.6,0.00,0.15,0.15,0.00,0.15
Kim Seung-gyu,GK,Korea Republic,32-072,Al-Shabab,1990,4,4,360,4.0,0,0,0,0,0,0,0,0.00,0.00,0.00,0.00,0.00,0.0,0.0,0.0,0.0,0.00,0.00,0.00,0.00,0.00
Kim Young-gwon,DF,Korea Republic,32-287,Ulsan Hyundai,1990,4,4,350,3.9,1,0,1,0,0,1,0,0.26,0.00,0.26,0.26,0.26,0.8,0.8,0.2,0.9,0.19,0.05,0.24,0.19,0.24
Kingsley Coman,FW,France,26-181,Bayern Munich,1996,5,1,119,1.3,0,0,0,0,0,0,0,0.00,0.00,0.00,0.00,0.00,0.2,0.2,0.1,0.2,0.12,0.06,0.18,0.12,0.18
Ko Itakura,DF,Japan,25-318,M'Gladbach,1997,3,3,270,3.0,0,1,0,0,0,2,0,0.00,0.33,0.33,0.00,0.33,0.2,0.2,0.1,0.2,0.05,0.03,0.08,0.05,0.08
Koke,MF,Spain,30-337,Atlético Madrid,1992,2,0,52,0.6,0,0,0,0,0,0,0,0.00,0.00,0.00,0.00,0.00,0.0,0.0,0.0,0.0,0.00,0.00,0.00,0.00,0.00
Krystian Bielik,MF,Poland,24-341,Derby County,1998,4,2,216,2.4,0,0,0,0,0,0,0,0.00,0.00,0.00,0.00,0.00,0.2,0.2,0.0,0.2,0.07,0.00,0.07,0.07,0.07
Krzysztof Piątek,FW,Poland,27-163,Salernitana,1995,2,0,28,0.3,0,0,0,0,0,0,0,0.00,0.00,0.00,0.00,0.00,0.0,0.0,0.0,0.0,0.09,0.00,0.09,0.09,0.09
Krépin Diatta,FW,Senegal,23-289,Monaco,1999,3,3,181,2.0,0,0,0,0,0,0,0,0.00,0.00,0.00,0.00,0.00,0.1,0.1,0.2,0.3,0.06,0.09,0.16,0.06,0.16
Kudus Mohammed,FW,Ghana,22-131,Ajax,2000,3,3,247,2.7,2,0,2,0,0,1,0,0.73,0.00,0.73,0.73,0.73,0.8,0.8,0.0,0.8,0.30,0.00,0.30,0.30,0.30
Kwon Chang-hoon,FW,Korea Republic,28-164,Sangju Sangmu,1994,1,1,56,0.6,0,0,0,0,0,0,0,0.00,0.00,0.00,0.00,0.00,0.0,0.0,0.2,0.2,0.00,0.29,0.29,0.00,0.29
Kwon Kyung-won,DF,Korea Republic,30-314,Gamba Osaka,1992,2,1,91,1.0,0,0,0,0,0,0,0,0.00,0.00,0.00,0.00,0.00,0.0,0.0,0.0,0.0,0.02,0.00,0.02,0.02,0.02
Kye Rowles,DF,Australia,24-170,Hearts,1998,4,4,360,4.0,0,0,0,0,0,0,0,0.00,0.00,0.00,0.00,0.00,0.0,0.0,0.0,0.0,0.00,0.00,0.00,0.00,0.00
Kyle Walker,DF,England,32-197,Manchester City,1990,3,3,236,2.6,0,0,0,0,0,0,0,0.00,0.00,0.00,0.00,0.00,0.0,0.0,0.0,0.0,0.00,0.00,0.00,0.00,0.00
Kylian Mbappé,FW,France,23-356,Paris S-G,1998,5,4,388,4.3,5,2,5,0,0,0,0,1.16,0.46,1.62,1.16,1.62,2.8,2.8,1.3,4.1,0.65,0.30,0.94,0.65,0.94
Lautaro Martínez,FW,Argentina,25-111,Inter,1997,5,2,223,2.5,0,0,0,0,0,0,0,0.00,0.00,0.00,0.00,0.00,1.3,1.3,0.0,1.3,0.59,0.02,0.61,0.59,0.61
Lawrence Ati-Zigi,GK,Ghana,26-012,St. Gallen,1996,3,3,270,3.0,0,0,0,0,0,0,0,0.00,0.00,0.00,0.00,0.00,0.0,0.0,0.0,0.0,0.00,0.00,0.00,0.00,0.00
Leander Dendoncker,DF,Belgium,27-240,Aston Villa,1995,2,2,161,1.8,0,0,0,0,0,1,0,0.00,0.00,0.00,0.00,0.00,0.1,0.1,0.4,0.4,0.05,0.20,0.25,0.05,0.25
Leandro Paredes,MF,Argentina,28-165,Juventus,1994,3,1,145,1.6,0,0,0,0,0,1,0,0.00,0.00,0.00,0.00,0.00,0.0,0.0,0.0,0.0,0.00,0.03,0.03,0.00,0.03
Leandro Trossard,FW,Belgium,28-007,Brighton,1994,3,1,103,1.1,0,0,0,0,0,0,0,0.00,0.00,0.00,0.00,0.00,0.0,0.0,0.1,0.1,0.00,0.08,0.08,0.00,0.08
Lee Jae-sung,MF,Korea Republic,30-123,Mainz 05,1992,3,3,211,2.3,0,0,0,0,0,0,0,0.00,0.00,0.00,0.00,0.00,0.0,0.0,0.0,0.1,0.01,0.02,0.03,0.01,0.03
Lee Kangin,MF,Korea Republic,21-295,Mallorca,2001,4,1,147,1.6,0,1,0,0,0,1,0,0.00,0.61,0.61,0.00,0.61,0.2,0.2,0.3,0.4,0.09,0.17,0.27,0.09,0.27
Leon Goretzka,MF,Germany,27-308,Bayern Munich,1995,3,2,159,1.8,0,0,0,0,0,1,0,0.00,0.00,0.00,0.00,0.00,0.5,0.5,0.0,0.5,0.26,0.01,0.27,0.26,0.27
Leroy Sané,FW,Germany,26-334,Bayern Munich,1996,2,1,111,1.2,0,1,0,0,0,0,0,0.00,0.81,0.81,0.00,0.81,0.1,0.1,1.8,1.9,0.09,1.44,1.54,0.09,1.54
Liam Millar,DF,Canada,23-075,Basel,1999,1,0,10,0.1,0,0,0,0,0,0,0,0.00,0.00,0.00,0.00,0.00,0.0,0.0,0.0,0.0,0.00,0.00,0.00,0.00,0.00
Lionel Messi,FW,Argentina,35-170,Paris S-G,1987,5,5,480,5.3,4,2,2,2,3,1,0,0.75,0.37,1.13,0.37,0.75,3.8,1.4,1.7,3.2,0.76,0.34,1.11,0.29,0.63
Lisandro Martínez,DF,Argentina,24-327,Manchester Utd,1998,4,2,274,3.0,0,0,0,0,0,1,0,0.00,0.00,0.00,0.00,0.00,0.1,0.1,0.7,0.8,0.04,0.24,0.28,0.04,0.28
Lovro Majer,MF,Croatia,24-328,Rennes,1998,5,0,55,0.6,1,0,1,0,0,0,0,1.64,0.00,1.64,1.64,1.64,0.7,0.7,0.0,0.7,3.36,0.00,3.36,3.36,3.36
Loïs Openda,FW,Belgium,22-298,Lens,2000,1,0,13,0.1,0,0,0,0,0,0,0,0.00,0.00,0.00,0.00,0.00,0.0,0.0,0.0,0.0,0.00,0.00,0.00,0.00,0.00
Lucas Cavallini,FW,Canada,29-348,Vancouver,1992,1,0,19,0.2,0,0,0,0,0,0,0,0.00,0.00,0.00,0.00,0.00,0.0,0.0,0.0,0.0,0.00,0.00,0.00,0.00,0.00
Lucas Hernández,DF,France,26-300,Bayern Munich,1996,1,1,12,0.1,0,0,0,0,0,0,0,0.00,0.00,0.00,0.00,0.00,0.0,0.0,0.0,0.0,0.00,0.00,0.00,0.00,0.00
Lucas Paquetá,MF,Brazil,25-106,West Ham,1997,4,4,314,3.5,1,1,1,0,0,0,0,0.29,0.29,0.57,0.29,0.57,0.8,0.8,1.5,2.3,0.24,0.43,0.67,0.24,0.67
Luis Chávez,MF,Mexico,26-330,Pachuca,1996,3,3,270,3.0,1,0,1,0,0,0,0,0.33,0.00,0.33,0.33,0.33,0.3,0.3,0.5,0.7,0.10,0.15,0.25,0.10,0.25
Luis Suárez,FW,Uruguay,35-321,Nacional,1987,3,2,146,1.6,0,1,0,0,0,1,0,0.00,0.62,0.62,0.00,0.62,0.4,0.4,0.1,0.5,0.26,0.04,0.29,0.26,0.29
Luka Jović,FW,Serbia,24-353,Fiorentina,1997,1,0,36,0.4,0,0,0,0,0,1,0,0.00,0.00,0.00,0.00,0.00,0.1,0.1,0.2,0.2,0.13,0.40,0.53,0.13,0.53
Luka Modrić,MF,Croatia,37-093,Real Madrid,1985,5,5,483,5.4,0,0,0,0,0,1,0,0.00,0.00,0.00,0.00,0.00,0.3,0.3,0.6,0.9,0.05,0.13,0.18,0.05,0.18
Lukas Klostermann,DF,Germany,26-191,RB Leipzig,1996,2,0,66,0.7,0,0,0,0,0,0,0,0.00,0.00,0.00,0.00,0.00,0.0,0.0,0.0,0.0,0.00,0.00,0.00,0.00,0.00
Luke Shaw,DF,England,27-152,Manchester Utd,1995,5,5,424,4.7,0,1,0,0,0,0,0,0.00,0.21,0.21,0.00,0.21,0.1,0.1,0.8,0.9,0.02,0.17,0.19,0.02,0.19
Luuk de Jong,FW,Netherlands,32-106,PSV Eindhoven,1990,1,0,57,0.6,0,0,0,0,0,0,0,0.00,0.00,0.00,0.00,0.00,0.1,0.1,0.0,0.1,0.25,0.00,0.25,0.25,0.25
Majid Hosseini,DF,IR Iran,26-174,Kayserispor,1996,3,3,270,3.0,0,0,0,0,0,1,0,0.00,0.00,0.00,0.00,0.00,0.0,0.0,0.0,0.0,0.00,0.00,0.00,0.00,0.00
Manuel Akanji,DF,Switzerland,27-145,Manchester City,1995,4,4,360,4.0,1,0,1,0,0,1,0,0.25,0.00,0.25,0.25,0.25,1.1,1.1,0.1,1.2,0.28,0.03,0.30,0.28,0.30
Manuel Neuer,GK,Germany,36-259,Bayern Munich,1986,3,3,270,3.0,0,0,0,0,0,0,0,0.00,0.00,0.00,0.00,0.00,0.0,0.0,0.0,0.0,0.00,0.00,0.00,0.00,0.00
Marcelo Brozović,MF,Croatia,30-025,Inter,1992,5,5,503,5.6,0,0,0,0,0,1,0,0.00,0.00,0.00,0.00,0.00,0.5,0.5,0.2,0.7,0.10,0.03,0.14,0.10,0.14
Marco Asensio,FW,Spain,26-324,Real Madrid,1996,4,3,229,2.5,1,0,1,0,0,0,0,0.39,0.00,0.39,0.39,0.39,1.2,1.2,0.1,1.3,0.48,0.02,0.50,0.48,0.50
Marcos Acuña,DF,Argentina,31-044,Sevilla,1991,5,4,316,3.5,0,0,0,0,0,2,0,0.00,0.00,0.00,0.00,0.00,0.1,0.1,0.1,0.2,0.02,0.04,0.06,0.02,0.06
Marcos Llorente,DF,Spain,27-315,Atlético Madrid,1995,1,1,120,1.3,0,0,0,0,0,0,0,0.00,0.00,0.00,0.00,0.00,0.0,0.0,0.0,0.0,0.02,0.00,0.02,0.02,0.02
Marcus Rashford,FW,England,25-041,Manchester Utd,1997,5,1,140,1.6,3,0,3,0,0,0,0,1.93,0.00,1.93,1.93,1.93,1.6,1.6,0.0,1.6,1.03,0.00,1.03,1.03,1.03
Marcus Thuram,FW,France,25-127,M'Gladbach,1997,3,0,45,0.5,0,1,0,0,0,0,0,0.00,2.00,2.00,0.00,2.00,0.0,0.0,0.0,0.0,0.00,0.08,0.08,0.00,0.08
Mario Götze,MF,Germany,30-191,Eint Frankfurt,1992,2,0,36,0.4,0,0,0,0,0,0,0,0.00,0.00,0.00,0.00,0.00,0.1,0.1,0.1,0.2,0.21,0.29,0.50,0.21,0.50
Mario Pašalić,FW,Croatia,27-305,Atalanta,1995,5,1,201,2.2,0,0,0,0,0,0,0,0.00,0.00,0.00,0.00,0.00,0.2,0.2,0.2,0.4,0.09,0.10,0.19,0.09,0.19
Mark-Anthony Kaye,MF,Canada,28-009,Toronto FC,1994,1,1,59,0.7,0,0,0,0,0,0,0,0.00,0.00,0.00,0.00,0.00,0.0,0.0,0.0,0.0,0.06,0.00,0.06,0.06,0.06
Marko Grujić,MF,Serbia,26-242,Porto,1996,1,0,13,0.1,0,0,0,0,0,0,0,0.00,0.00,0.00,0.00,0.00,0.0,0.0,0.0,0.0,0.26,0.00,0.26,0.26,0.26
Marko Livaja,FW,Croatia,29-107,Hajduk Split,1993,4,2,157,1.7,1,0,1,0,0,0,0,0.57,0.00,0.57,0.57,0.57,0.8,0.8,0.0,0.8,0.48,0.02,0.50,0.48,0.50
Marquinhos,DF,Brazil,28-211,Paris S-G,1994,5,4,426,4.7,0,0,0,0,0,1,0,0.00,0.00,0.00,0.00,0.00,0.2,0.2,0.8,0.9,0.04,0.17,0.21,0.04,0.21
Marten de Roon,MF,Netherlands,31-257,Atalanta,1991,5,3,184,2.0,0,0,0,0,0,0,0,0.00,0.00,0.00,0.00,0.00,0.0,0.0,0.0,0.0,0.00,0.00,0.00,0.00,0.00
Martin Braithwaite,FW,Denmark,31-189,Espanyol,1991,2,1,103,1.1,0,0,0,0,0,0,0,0.00,0.00,0.00,0.00,0.00,0.1,0.1,0.1,0.2,0.06,0.12,0.18,0.06,0.18
Martin Hongla,MF,Cameroon,24-270,Hellas Verona,1998,2,2,121,1.3,0,0,0,0,0,0,0,0.00,0.00,0.00,0.00,0.00,0.1,0.1,0.1,0.1,0.04,0.05,0.09,0.04,0.09
Martinelli,FW,Brazil,21-176,Arsenal,2001,3,1,113,1.3,0,0,0,0,0,0,0,0.00,0.00,0.00,0.00,0.00,0.5,0.5,0.2,0.7,0.42,0.14,0.56,0.42,0.56
Martín Cáceres,DF,Uruguay,35-248,LA Galaxy,1987,1,1,90,1.0,0,0,0,0,0,1,0,0.00,0.00,0.00,0.00,0.00,0.0,0.0,0.0,0.0,0.00,0.00,0.00,0.00,0.00
Mason Mount,MF,England,23-335,Chelsea,1999,4,2,186,2.1,0,0,0,0,0,0,0,0.00,0.00,0.00,0.00,0.00,0.2,0.2,0.0,0.2,0.10,0.02,0.12,0.10,0.12
Mateo Kovačić,MF,Croatia,28-219,Chelsea,1994,5,5,455,5.1,0,0,0,0,0,1,0,0.00,0.00,0.00,0.00,0.00,0.1,0.1,0.9,0.9,0.01,0.17,0.19,0.01,0.19
Matheus Nunes,MF,Portugal,24-106,Wolves,1998,2,1,73,0.8,0,0,0,0,0,0,0,0.00,0.00,0.00,0.00,0.00,0.0,0.0,0.1,0.1,0.03,0.12,0.14,0.03,0.14
Mathew Leckie,MF,Australia,31-310,Melb City,1991,4,4,333,3.7,1,1,1,0,0,0,0,0.27,0.27,0.54,0.27,0.54,0.1,0.1,0.3,0.5,0.04,0.08,0.12,0.04,0.12
Mathew Ryan,GK,Australia,30-247,FC Copenhagen,1992,4,4,360,4.0,0,0,0,0,0,0,0,0.00,0.00,0.00,0.00,0.00,0.0,0.0,0.0,0.0,0.00,0.00,0.00,0.00,0.00
Mathias Jensen,MF,Denmark,26-344,Brentford,1996,2,1,84,0.9,0,0,0,0,0,1,0,0.00,0.00,0.00,0.00,0.00,0.1,0.1,0.4,0.5,0.11,0.38,0.50,0.11,0.50
Mathías Olivera,DF,Uruguay,25-041,Napoli,1997,3,3,253,2.8,0,0,0,0,0,1,0,0.00,0.00,0.00,0.00,0.00,0.1,0.1,0.4,0.5,0.03,0.15,0.18,0.03,0.18
Matt Turner,GK,United States,28-170,Arsenal,1994,4,4,360,4.0,0,0,0,0,0,0,0,0.00,0.00,0.00,0.00,0.00,0.0,0.0,0.0,0.0,0.00,0.00,0.00,0.00,0.00
Matthias Ginter,DF,Germany,28-326,Freiburg,1994,1,0,1,0.0,0,0,0,0,0,0,0,0.00,0.00,0.00,0.00,0.00,0.0,0.0,0.0,0.0,0.00,0.00,0.00,0.00,0.00
Matthijs de Ligt,DF,Netherlands,23-121,Bayern Munich,1999,2,1,91,1.0,0,0,0,0,0,1,0,0.00,0.00,0.00,0.00,0.00,0.0,0.0,0.0,0.0,0.00,0.00,0.00,0.00,0.00
Matty Cash,DF,Poland,25-126,Aston Villa,1997,4,4,360,4.0,0,0,0,0,0,2,0,0.00,0.00,0.00,0.00,0.00,0.0,0.0,0.2,0.2,0.01,0.04,0.05,0.01,0.05
Mattéo Guendouzi,FW,France,23-241,Marseille,1999,1,1,78,0.9,0,0,0,0,0,0,0,0.00,0.00,0.00,0.00,0.00,0.0,0.0,0.0,0.0,0.00,0.00,0.00,0.00,0.00
Matías Vecino,MF,Uruguay,31-109,Lazio,1991,3,2,195,2.2,0,0,0,0,0,0,0,0.00,0.00,0.00,0.00,0.00,0.1,0.1,0.0,0.1,0.05,0.00,0.05,0.05,0.05
Matías Viña,DF,Uruguay,25-032,Roma,1997,2,0,17,0.2,0,0,0,0,0,0,0,0.00,0.00,0.00,0.00,0.00,0.0,0.0,0.0,0.0,0.00,0.00,0.00,0.00,0.00
Maxi Gómez,FW,Uruguay,26-119,Trabzonspor,1996,2,0,30,0.3,0,0,0,0,0,0,0,0.00,0.00,0.00,0.00,0.00,0.1,0.1,0.0,0.1,0.26,0.00,0.26,0.26,0.26
Maya Yoshida,DF,Japan,34-109,Schalke 04,1988,4,4,390,4.3,0,1,0,0,0,1,0,0.00,0.23,0.23,0.00,0.23,0.0,0.0,0.4,0.4,0.00,0.09,0.09,0.00,0.09
Mehdi Taremi,FW,IR Iran,30-146,Porto,1992,3,3,270,3.0,2,1,1,1,1,0,0,0.67,0.33,1.00,0.33,0.67,1.3,0.6,0.7,1.2,0.45,0.22,0.67,0.18,0.40
Mehdi Torabi,MF,IR Iran,28-092,Persepolis,1994,3,0,62,0.7,0,0,0,0,0,0,0,0.00,0.00,0.00,0.00,0.00,0.1,0.1,0.6,0.7,0.18,0.82,1.00,0.18,1.00
Memphis,FW,Netherlands,28-301,Barcelona,1994,5,3,297,3.3,1,0,1,0,0,1,0,0.30,0.00,0.30,0.30,0.30,1.5,1.5,0.5,2.0,0.44,0.16,0.61,0.44,0.61
Meshaal Barsham,GK,Qatar,24-300,Al Sadd SC,1998,2,2,180,2.0,0,0,0,0,0,0,0,0.00,0.00,0.00,0.00,0.00,0.0,0.0,0.0,0.0,0.00,0.00,0.00,0.00,0.00
Michael Estrada,FW,Ecuador,26-248,Cruz Azul,1996,3,3,225,2.5,0,0,0,0,0,0,0,0.00,0.00,0.00,0.00,0.00,0.3,0.3,0.0,0.3,0.13,0.01,0.13,0.13,0.13
Michał Skóraś,MF,Poland,22-299,Lech Poznań,2000,1,0,45,0.5,0,0,0,0,0,0,0,0.00,0.00,0.00,0.00,0.00,0.0,0.0,0.0,0.0,0.04,0.00,0.04,0.04,0.04
Michel Aebischer,MF,Switzerland,25-339,Bologna,1997,1,0,16,0.2,0,0,0,0,0,0,0,0.00,0.00,0.00,0.00,0.00,0.0,0.0,0.0,0.0,0.00,0.00,0.00,0.00,0.00
Michy Batshuayi,FW,Belgium,29-070,Fenerbahçe,1993,2,2,151,1.7,1,0,1,0,0,0,0,0.60,0.00,0.60,0.60,0.60,0.8,0.8,0.1,0.8,0.45,0.03,0.48,0.45,0.48
Miki Yamane,DF,Japan,28-354,Kawa Frontale,1993,1,1,61,0.7,0,0,0,0,0,1,0,0.00,0.00,0.00,0.00,0.00,0.0,0.0,0.1,0.1,0.00,0.11,0.11,0.00,0.11
Mikkel Damsgaard,MF,Denmark,22-161,Brentford,2000,3,1,150,1.7,0,0,0,0,0,0,0,0.00,0.00,0.00,0.00,0.00,0.0,0.0,0.3,0.3,0.00,0.20,0.20,0.00,0.20
Milad Mohammadi,DF,IR Iran,29-073,AEK Athens,1993,3,3,196,2.2,0,0,0,0,0,0,0,0.00,0.00,0.00,0.00,0.00,0.0,0.0,0.0,0.0,0.00,0.00,0.00,0.00,0.00
Milan Borjan,GK,Canada,35-049,Red Star,1987,3,3,270,3.0,0,0,0,0,0,0,0,0.00,0.00,0.00,0.00,0.00,0.0,0.0,0.0,0.0,0.00,0.00,0.00,0.00,0.00
Miloš Degenek,DF,Australia,28-227,Columbus Crew,1994,4,2,183,2.0,0,0,0,0,0,2,0,0.00,0.00,0.00,0.00,0.00,0.0,0.0,0.0,0.0,0.00,0.00,0.00,0.00,0.00
Miloš Veljković,DF,Serbia,27-076,Werder Bremen,1995,3,3,221,2.5,0,0,0,0,0,0,0,0.00,0.00,0.00,0.00,0.00,0.0,0.0,0.0,0.0,0.00,0.00,0.00,0.00,0.00
Mislav Oršić,FW,Croatia,29-347,Dinamo Zagreb,1992,4,0,28,0.3,0,2,0,0,0,0,0,0.00,6.43,6.43,0.00,6.43,0.1,0.1,0.8,0.9,1.84,11.54,13.38,1.84,13.38
Mitchell Duke,FW,Australia,31-327,Fagi Okayama,1991,4,4,270,3.0,1,0,1,0,0,1,0,0.33,0.00,0.33,0.33,0.33,0.4,0.4,0.0,0.4,0.12,0.01,0.13,0.12,0.13
Mohamed Ali Ben Romdhane,MF,Tunisia,23-096,Espérance de Tunis,1999,1,1,73,0.8,0,0,0,0,0,0,0,0.00,0.00,0.00,0.00,0.00,0.0,0.0,0.0,0.0,0.00,0.00,0.00,0.00,0.00
Mohamed Dräger,DF,Tunisia,26-169,Luzern,1996,2,2,132,1.5,0,0,0,0,0,0,0,0.00,0.00,0.00,0.00,0.00,0.2,0.2,0.0,0.2,0.14,0.01,0.15,0.14,0.15
Mohamed Kanno,MF,Saudi Arabia,28-080,Al-Hilal,1994,3,3,270,3.0,0,0,0,0,0,0,0,0.00,0.00,0.00,0.00,0.00,0.3,0.3,0.0,0.3,0.10,0.00,0.10,0.10,0.10
Mohammed Al-Breik,DF,Saudi Arabia,30-087,Al-Hilal,1992,2,1,65,0.7,0,0,0,0,0,0,0,0.00,0.00,0.00,0.00,0.00,0.4,0.0,0.0,0.1,0.51,0.07,0.58,0.03,0.10
Mohammed Al-Owais,GK,Saudi Arabia,31-062,Al-Hilal,1991,3,3,270,3.0,0,0,0,0,0,1,0,0.00,0.00,0.00,0.00,0.00,0.0,0.0,0.0,0.0,0.00,0.00,0.00,0.00,0.00
Mohammed Muntari,FW,Qatar,28-356,Al Duhail SC,1993,3,0,63,0.7,1,0,1,0,0,0,0,1.43,0.00,1.43,1.43,1.43,0.2,0.2,0.0,0.2,0.30,0.03,0.33,0.30,0.33
Mohammed Salisu,DF,Ghana,23-238,Southampton,1999,3,3,270,3.0,1,0,1,0,0,0,0,0.33,0.00,0.33,0.33,0.33,0.8,0.8,0.2,1.0,0.26,0.08,0.34,0.26,0.34
Mohammed Waad,MF,Qatar,23-084,Al Sadd SC,1999,2,0,28,0.3,0,0,0,0,0,0,0,0.00,0.00,0.00,0.00,0.00,0.0,0.0,0.0,0.0,0.00,0.00,0.00,0.00,0.00
Moisés Caicedo,MF,Ecuador,21-039,Brighton,2001,3,3,269,3.0,1,0,1,0,0,1,0,0.33,0.00,0.33,0.33,0.33,0.5,0.5,0.0,0.5,0.17,0.00,0.17,0.17,0.17
Montassar Talbi,DF,Tunisia,24-199,Lorient,1998,3,3,270,3.0,0,0,0,0,0,0,0,0.00,0.00,0.00,0.00,0.00,0.0,0.0,0.0,0.0,0.00,0.00,0.00,0.00,0.00
Morteza Pouraliganji,DF,IR Iran,30-236,Persepolis,1992,3,3,270,3.0,0,0,0,0,0,1,0,0.00,0.00,0.00,0.00,0.00,0.1,0.1,0.2,0.3,0.03,0.07,0.09,0.03,0.09
Moumi Ngamaleu,FW,Cameroon,28-155,Dynamo Mosc,1994,2,1,95,1.1,0,0,0,0,0,0,0,0.00,0.00,0.00,0.00,0.00,0.0,0.0,0.2,0.2,0.00,0.15,0.15,0.00,0.15
Munir,GK,Morocco,33-215,Al-Wehda,1989,1,1,90,1.0,0,0,0,0,0,0,0,0.00,0.00,0.00,0.00,0.00,0.0,0.0,0.0,0.0,0.00,0.00,0.00,0.00,0.00
Musab Kheder,DF,Qatar,29-076,Al Sadd SC,1993,1,0,6,0.1,0,0,0,0,0,0,0,0.00,0.00,0.00,0.00,0.00,0.0,0.0,0.0,0.0,0.00,0.00,0.00,0.00,0.00
Na Sang-ho,FW,Korea Republic,26-121,FC Seoul,1996,2,1,119,1.3,0,0,0,0,0,0,0,0.00,0.00,0.00,0.00,0.00,0.0,0.0,0.1,0.2,0.03,0.09,0.12,0.03,0.12
Nader Ghandri,DF,Tunisia,27-296,Club Africain,1995,1,1,90,1.0,0,0,0,0,0,0,0,0.00,0.00,0.00,0.00,0.00,0.0,0.0,0.0,0.0,0.00,0.00,0.00,0.00,0.00
Nahuel Molina,DF,Argentina,24-249,Atlético Madrid,1998,5,4,392,4.4,1,1,1,0,0,0,0,0.23,0.23,0.46,0.23,0.46,0.5,0.5,0.3,0.8,0.11,0.07,0.18,0.11,0.18
Nampalys Mendy,MF,Senegal,30-171,Leicester City,1992,4,3,272,3.0,0,0,0,0,0,1,0,0.00,0.00,0.00,0.00,0.00,0.1,0.1,0.0,0.1,0.02,0.01,0.03,0.02,0.03
Nasser Al-Dawsari,FW,Saudi Arabia,23-357,Al-Hilal,1998,1,0,5,0.1,0,0,0,0,0,0,0,0.00,0.00,0.00,0.00,0.00,0.0,0.0,0.1,0.1,0.00,1.27,1.27,0.00,1.27
Nathan Aké,DF,Netherlands,27-296,Manchester City,1995,5,5,479,5.3,0,0,0,0,0,1,0,0.00,0.00,0.00,0.00,0.00,0.0,0.0,0.0,0.0,0.00,0.00,0.00,0.00,0.00
Nathaniel Atkinson,DF,Australia,23-181,Hearts,1999,1,1,84,0.9,0,0,0,0,0,0,0,0.00,0.00,0.00,0.00,0.00,0.0,0.0,0.0,0.0,0.00,0.00,0.00,0.00,0.00
Nawaf Al Abed,MF,Saudi Arabia,32-319,Al-Shabab,1990,2,0,88,1.0,0,0,0,0,0,1,0,0.00,0.00,0.00,0.00,0.00,0.1,0.1,0.1,0.2,0.13,0.06,0.20,0.13,0.20
Nayef Aguerd,DF,Morocco,26-256,West Ham,1996,4,4,353,3.9,0,0,0,0,0,0,0,0.00,0.00,0.00,0.00,0.00,0.2,0.2,0.0,0.2,0.04,0.01,0.05,0.04,0.05
Naïm Sliti,MF,Tunisia,30-137,Al-Ettifaq,1992,2,1,114,1.3,0,0,0,0,0,0,0,0.00,0.00,0.00,0.00,0.00,0.1,0.1,0.1,0.3,0.11,0.10,0.21,0.11,0.21
Neco Williams,DF,Wales,21-242,Nott'ham Forest,2001,3,3,204,2.3,0,0,0,0,0,0,0,0.00,0.00,0.00,0.00,0.00,0.1,0.1,0.1,0.2,0.04,0.03,0.07,0.04,0.07
Nemanja Gudelj,MF,Serbia,31-025,Sevilla,1991,2,1,92,1.0,0,0,0,0,0,2,0,0.00,0.00,0.00,0.00,0.00,0.0,0.0,0.0,0.0,0.00,0.00,0.00,0.00,0.00
Nemanja Maksimović,MF,Serbia,27-319,Getafe,1995,3,1,122,1.4,0,0,0,0,0,0,0,0.00,0.00,0.00,0.00,0.00,0.0,0.0,0.1,0.1,0.00,0.07,0.07,0.00,0.07
Nemanja Radonjić,DF,Serbia,26-299,Torino,1996,3,0,60,0.7,0,0,0,0,0,0,0,0.00,0.00,0.00,0.00,0.00,0.1,0.1,0.0,0.1,0.15,0.05,0.19,0.15,0.19
Neymar,MF,Brazil,30-309,Paris S-G,1992,3,3,279,3.1,2,0,1,1,1,0,0,0.65,0.00,0.65,0.32,0.32,2.7,1.9,0.8,2.7,0.98,0.29,1.27,0.70,0.98
Niclas Füllkrug,FW,Germany,29-305,Werder Bremen,1993,3,0,69,0.8,2,1,2,0,0,0,0,2.61,1.30,3.91,2.61,3.91,2.2,2.2,0.6,2.8,2.86,0.76,3.62,2.86,3.62
Nico Elvedi,DF,Switzerland,26-072,M'Gladbach,1996,2,2,180,2.0,0,0,0,0,0,1,0,0.00,0.00,0.00,0.00,0.00,0.1,0.1,0.0,0.1,0.04,0.00,0.04,0.04,0.04
Nico Schlotterbeck,DF,Germany,23-010,Dortmund,1999,2,1,94,1.0,0,0,0,0,0,0,0,0.00,0.00,0.00,0.00,0.00,0.0,0.0,0.1,0.1,0.00,0.07,0.07,0.00,0.07
Nico Williams,FW,Spain,20-152,Athletic Club,2002,4,1,146,1.6,0,0,0,0,0,0,0,0.00,0.00,0.00,0.00,0.00,0.1,0.1,0.0,0.1,0.07,0.00,0.07,0.07,0.07
Nicola Zalewski,MF,Poland,20-322,Roma,2002,2,1,65,0.7,0,0,0,0,0,0,0,0.00,0.00,0.00,0.00,0.00,0.0,0.0,0.0,0.0,0.00,0.00,0.00,0.00,0.00
Nicolas Jackson,FW,Senegal,21-174,Villarreal,2001,1,0,17,0.2,0,0,0,0,0,0,0,0.00,0.00,0.00,0.00,0.00,0.0,0.0,0.0,0.0,0.00,0.00,0.00,0.00,0.00
Nicolas Nkoulou,DF,Cameroon,32-259,Aris,1990,2,2,180,2.0,0,1,0,0,0,1,0,0.00,0.50,0.50,0.00,0.50,0.3,0.3,0.0,0.3,0.14,0.00,0.14,0.14,0.14
Nicolás De La Cruz,MF,Uruguay,25-193,River Plate,1997,2,0,38,0.4,0,0,0,0,0,0,0,0.00,0.00,0.00,0.00,0.00,0.0,0.0,0.0,0.0,0.09,0.00,0.09,0.09,0.09
Nicolás Otamendi,DF,Argentina,34-302,Benfica,1988,5,5,480,5.3,0,1,0,0,0,1,0,0.00,0.19,0.19,0.00,0.19,0.0,0.0,0.2,0.2,0.01,0.03,0.04,0.01,0.04
Nicolás Tagliafico,DF,Argentina,30-102,Lyon,1992,4,1,164,1.8,0,0,0,0,0,0,0,0.00,0.00,0.00,0.00,0.00,1.0,1.0,0.2,1.2,0.68,0.11,0.78,0.68,0.78
Niklas Süle,DF,Germany,27-099,Dortmund,1995,3,3,269,3.0,0,0,0,0,0,0,0,0.00,0.00,0.00,0.00,0.00,0.1,0.1,0.0,0.1,0.04,0.00,0.04,0.04,0.04
Nikola Milenković,DF,Serbia,25-060,Fiorentina,1997,3,3,270,3.0,0,0,0,0,0,2,0,0.00,0.00,0.00,0.00,0.00,0.2,0.2,0.0,0.2,0.06,0.00,0.06,0.06,0.06
Nikola Vlašić,FW,Croatia,25-068,Torino,1997,4,1,134,1.5,0,0,0,0,0,0,0,0.00,0.00,0.00,0.00,0.00,0.4,0.4,0.0,0.4,0.42,0.00,0.42,0.42,0.42
Noa Lang,MF,Netherlands,23-177,Club Brugge,1999,1,0,8,0.1,0,0,0,0,0,1,0,0.00,0.00,0.00,0.00,0.00,0.0,0.0,0.0,0.0,,,,,
Noah Okafor,FW,Switzerland,22-201,RB Salzburg,2000,3,0,45,0.5,0,0,0,0,0,0,0,0.00,0.00,0.00,0.00,0.00,0.0,0.0,0.0,0.1,0.05,0.09,0.14,0.05,0.14
Nouhou Tolo,DF,Cameroon,25-171,Seattle,1997,3,3,270,3.0,0,0,0,0,0,1,0,0.00,0.00,0.00,0.00,0.00,0.0,0.0,0.0,0.0,0.00,0.00,0.00,0.00,0.00
Noussair Mazraoui,DF,Morocco,25-027,Bayern Munich,1997,4,4,320,3.6,0,0,0,0,0,0,0,0.00,0.00,0.00,0.00,0.00,0.2,0.2,0.0,0.2,0.04,0.00,0.04,0.04,0.04
Nuno Mendes,DF,Portugal,20-175,Paris S-G,2002,1,1,41,0.5,0,0,0,0,0,0,0,0.00,0.00,0.00,0.00,0.00,0.0,0.0,0.0,0.0,0.00,0.04,0.04,0.00,0.04
Néstor Araujo,DF,Mexico,31-104,América,1991,1,1,90,1.0,0,0,0,0,0,1,0,0.00,0.00,0.00,0.00,0.00,0.0,0.0,0.0,0.0,0.00,0.00,0.00,0.00,0.00
Olivier Giroud,FW,France,36-072,Milan,1986,4,4,315,3.5,4,0,4,0,0,0,0,1.14,0.00,1.14,1.14,1.14,3.1,3.1,0.1,3.2,0.88,0.04,0.92,0.88,0.92
Olivier Ntcham,MF,Cameroon,26-305,Swansea City,1996,1,0,25,0.3,0,0,0,0,0,0,0,0.00,0.00,0.00,0.00,0.00,0.0,0.0,0.0,0.1,0.16,0.09,0.25,0.16,0.25
Orbelín Pineda,MF,Mexico,26-262,AEK Athens,1996,1,1,76,0.8,0,0,0,0,0,0,0,0.00,0.00,0.00,0.00,0.00,0.3,0.3,0.1,0.4,0.38,0.07,0.45,0.38,0.45
Osman Bukari,MF,Ghana,23-363,Red Star,1998,2,0,59,0.7,1,0,1,0,0,0,0,1.53,0.00,1.53,1.53,1.53,0.5,0.5,0.1,0.6,0.76,0.09,0.85,0.76,0.85
Otávio,MF,Portugal,27-305,Porto,1995,3,3,196,2.2,0,0,0,0,0,0,0,0.00,0.00,0.00,0.00,0.00,0.1,0.1,0.4,0.5,0.05,0.17,0.23,0.05,0.23
Ousmane Dembélé,FW,France,25-210,Barcelona,1997,5,4,315,3.5,0,2,0,0,0,1,0,0.00,0.57,0.57,0.00,0.57,0.5,0.5,1.6,2.1,0.14,0.47,0.61,0.14,0.61
Pablo Sarabia,FW,Spain,30-214,Paris S-G,1992,1,0,3,0.0,0,0,0,0,0,0,0,0.00,0.00,0.00,0.00,0.00,0.1,0.1,0.2,0.3,,,,,
Paik Seung-ho,MF,Korea Republic,25-269,Jeonbuk,1997,1,0,26,0.3,1,0,1,0,0,0,0,3.46,0.00,3.46,3.46,3.46,0.0,0.0,0.0,0.0,0.15,0.00,0.15,0.15,0.15
Pape Abou Cissé,DF,Senegal,27-088,Olympiacos,1995,3,1,105,1.2,0,0,0,0,0,0,0,0.00,0.00,0.00,0.00,0.00,0.0,0.0,0.0,0.0,0.00,0.00,0.00,0.00,0.00
Pape Gueye,MF,Senegal,23-321,Marseille,1999,3,1,153,1.7,0,0,0,0,0,0,0,0.00,0.00,0.00,0.00,0.00,0.1,0.1,0.2,0.3,0.07,0.11,0.18,0.07,0.18
Pape Matar Sarr,MF,Senegal,20-088,Tottenham,2002,2,0,59,0.7,0,0,0,0,0,0,0,0.00,0.00,0.00,0.00,0.00,0.1,0.1,0.0,0.2,0.18,0.05,0.23,0.18,0.23
Papu Gómez,MF,Argentina,34-299,Sevilla,1988,2,2,107,1.2,0,0,0,0,0,0,0,0.00,0.00,0.00,0.00,0.00,0.0,0.0,0.0,0.0,0.03,0.00,0.03,0.03,0.03
Pathé Ciss,MF,Senegal,28-270,Rayo Vallecano,1994,3,2,146,1.6,0,0,0,0,0,1,0,0.00,0.00,0.00,0.00,0.00,0.0,0.0,0.0,0.0,0.02,0.00,0.02,0.02,0.02
Pau Torres,DF,Spain,25-329,Villarreal,1997,1,1,90,1.0,0,0,0,0,0,0,0,0.00,0.00,0.00,0.00,0.00,0.0,0.0,0.0,0.0,0.00,0.00,0.00,0.00,0.00
Pedri,MF,Spain,20-016,Barcelona,2002,4,4,356,4.0,0,0,0,0,0,0,0,0.00,0.00,0.00,0.00,0.00,0.0,0.0,0.8,0.8,0.00,0.22,0.22,0.00,0.22
Pedro,FW,Brazil,25-174,Flamengo,1997,2,0,64,0.7,0,0,0,0,0,0,0,0.00,0.00,0.00,0.00,0.00,0.5,0.5,0.0,0.5,1.39,0.00,1.39,1.39,1.39
Pepe,DF,Portugal,39-288,Porto,1983,4,4,360,4.0,1,0,1,0,0,0,0,0.25,0.00,0.25,0.25,0.25,0.4,0.4,0.0,0.4,0.11,0.00,0.11,0.11,0.11
Pervis Estupiñán,DF,Ecuador,24-324,Brighton,1998,3,3,270,3.0,0,0,0,0,0,0,0,0.00,0.00,0.00,0.00,0.00,0.1,0.1,0.3,0.3,0.02,0.09,0.11,0.02,0.11
Phil Foden,FW,England,22-197,Manchester City,2000,4,3,258,2.9,1,2,1,0,0,0,0,0.35,0.70,1.05,0.35,1.05,1.1,1.1,0.6,1.6,0.38,0.20,0.57,0.38,0.57
Piero Hincapié,DF,Ecuador,20-336,Leverkusen,2002,3,3,270,3.0,0,0,0,0,0,0,0,0.00,0.00,0.00,0.00,0.00,0.0,0.0,0.0,0.0,0.00,0.00,0.00,0.00,0.00
Pierre Højbjerg,MF,Denmark,27-128,Tottenham,1995,3,3,270,3.0,0,0,0,0,0,0,0,0.00,0.00,0.00,0.00,0.00,0.0,0.0,0.0,0.1,0.01,0.01,0.02,0.01,0.02
Pierre Kunde,MF,Cameroon,27-138,Olympiacos,1995,2,2,131,1.5,0,0,0,0,0,1,0,0.00,0.00,0.00,0.00,0.00,0.2,0.2,0.1,0.3,0.15,0.05,0.20,0.15,0.20
Piotr Zieliński,MF,Poland,28-205,Napoli,1994,4,4,328,3.6,1,0,1,0,0,0,0,0.27,0.00,0.27,0.27,0.27,0.6,0.6,0.4,1.0,0.16,0.11,0.26,0.16,0.26
Przemysław Frankowski,MF,Poland,27-243,Lens,1995,4,3,240,2.7,0,0,0,0,0,1,0,0.00,0.00,0.00,0.00,0.00,0.0,0.0,0.2,0.3,0.01,0.09,0.11,0.01,0.11
Rafael Leão,FW,Portugal,23-184,Milan,1999,5,0,88,1.0,2,0,2,0,0,0,0,2.05,0.00,2.05,2.05,2.05,0.4,0.4,0.2,0.6,0.42,0.16,0.57,0.42,0.57
Raheem Sterling,FW,England,28-003,Chelsea,1994,3,2,149,1.7,1,1,1,0,0,0,0,0.60,0.60,1.21,0.60,1.21,0.4,0.4,0.1,0.5,0.22,0.09,0.31,0.22,0.31
Ramin Rezaeian,DF,IR Iran,32-265,Sepahan,1990,2,2,180,2.0,1,0,1,0,0,1,0,0.50,0.00,0.50,0.50,0.50,0.3,0.3,0.3,0.5,0.13,0.14,0.27,0.13,0.27
Randal Kolo Muani,FW,France,24-006,Eint Frankfurt,1998,1,1,90,1.0,0,0,0,0,0,0,0,0.00,0.00,0.00,0.00,0.00,0.0,0.0,0.0,0.0,0.04,0.00,0.04,0.04,0.04
Raphaël Guerreiro,DF,Portugal,28-354,Dortmund,1993,4,3,279,3.1,1,2,1,0,0,0,0,0.32,0.65,0.97,0.32,0.97,0.4,0.4,0.6,1.0,0.12,0.19,0.31,0.12,0.31
Raphaël Varane,DF,France,29-230,Manchester Utd,1993,4,4,316,3.5,0,0,0,0,0,0,0,0.00,0.00,0.00,0.00,0.00,0.3,0.3,0.0,0.3,0.08,0.00,0.08,0.08,0.08
Raphinha,FW,Brazil,25-362,Barcelona,1996,5,4,315,3.5,0,1,0,0,0,0,0,0.00,0.29,0.29,0.00,0.29,1.2,1.2,1.3,2.5,0.35,0.38,0.72,0.35,0.72
Rasmus Nissen,DF,Denmark,25-153,Leeds United,1997,3,3,224,2.5,0,0,0,0,0,1,0,0.00,0.00,0.00,0.00,0.00,0.0,0.0,0.0,0.0,0.00,0.01,0.01,0.00,0.01
Raúl Jiménez,FW,Mexico,31-220,Wolves,1991,3,0,59,0.7,0,0,0,0,0,0,0,0.00,0.00,0.00,0.00,0.00,0.0,0.0,0.0,0.0,0.00,0.00,0.00,0.00,0.00
Remo Freuler,MF,Switzerland,30-240,Nott'ham Forest,1992,4,4,323,3.6,1,0,1,0,0,0,0,0.28,0.00,0.28,0.28,0.28,0.5,0.5,0.0,0.5,0.14,0.00,0.14,0.14,0.14
Renato Steffen,FW,Switzerland,31-038,Lugano,1991,1,0,32,0.4,0,0,0,0,0,0,0,0.00,0.00,0.00,0.00,0.00,0.0,0.0,0.0,0.0,0.00,0.00,0.00,0.00,0.00
Ricardo Horta,FW,Portugal,28-087,Braga,1994,3,1,119,1.3,1,0,1,0,0,0,0,0.76,0.00,0.76,0.76,0.76,0.8,0.8,0.1,0.8,0.58,0.05,0.63,0.58,0.63
Ricardo Rodríguez,DF,Switzerland,30-108,Torino,1992,4,4,359,4.0,0,0,0,0,0,0,0,0.00,0.00,0.00,0.00,0.00,0.0,0.0,0.2,0.2,0.00,0.04,0.04,0.00,0.04
Richarlison,FW,Brazil,25-215,Tottenham,1997,4,4,323,3.6,3,0,3,0,0,0,0,0.84,0.00,0.84,0.84,0.84,2.1,2.1,1.0,3.1,0.59,0.27,0.86,0.59,0.86
Richie Laryea,DF,Canada,27-338,Toronto FC,1995,3,2,160,1.8,0,0,0,0,0,0,0,0.00,0.00,0.00,0.00,0.00,0.1,0.1,0.5,0.6,0.04,0.30,0.34,0.04,0.34
Riley McGree,FW,Australia,24-039,Middlesbrough,1998,4,4,265,2.9,0,1,0,0,0,0,0,0.00,0.34,0.34,0.00,0.34,0.1,0.1,0.6,0.8,0.05,0.22,0.27,0.05,0.27
Ritsu Doan,FW,Japan,24-178,Freiburg,1998,4,2,217,2.4,2,0,2,0,0,0,0,0.83,0.00,0.83,0.83,0.83,0.5,0.5,0.2,0.7,0.21,0.07,0.28,0.21,0.28
Riyadh Sharahili,MF,Saudi Arabia,29-227,Abha,1993,1,0,54,0.6,0,0,0,0,0,0,0,0.00,0.00,0.00,0.00,0.00,0.0,0.0,0.0,0.0,0.00,0.05,0.05,0.00,0.05
Roan Wilson,MF,Costa Rica,20-224,Municipal Grecia,2002,1,0,1,0.0,0,0,0,0,0,0,0,0.00,0.00,0.00,0.00,0.00,0.0,0.0,0.0,0.0,0.00,0.00,0.00,0.00,0.00
Robert Lewandowski,FW,Poland,34-112,Barcelona,1988,4,4,360,4.0,2,1,1,1,2,0,0,0.50,0.25,0.75,0.25,0.50,2.9,1.4,0.4,1.8,0.73,0.10,0.83,0.34,0.44
Robert Skov,DF,Denmark,26-205,Hoffenheim,1996,1,0,22,0.2,0,0,0,0,0,1,0,0.00,0.00,0.00,0.00,0.00,0.0,0.0,0.0,0.0,0.00,0.00,0.00,0.00,0.00
Roberto Alvarado,FW,Mexico,24-095,Guadalajara,1998,1,0,18,0.2,0,0,0,0,0,1,0,0.00,0.00,0.00,0.00,0.00,0.0,0.0,0.0,0.0,0.00,0.00,0.00,0.00,0.00
Rodri,DF,Spain,26-172,Manchester City,1996,4,4,390,4.3,0,0,0,0,0,0,0,0.00,0.00,0.00,0.00,0.00,0.0,0.0,0.2,0.2,0.01,0.04,0.05,0.01,0.05
Rodrigo Bentancur,MF,Uruguay,25-169,Tottenham,1997,3,3,213,2.4,0,0,0,0,0,1,0,0.00,0.00,0.00,0.00,0.00,0.6,0.6,0.1,0.8,0.26,0.06,0.32,0.26,0.32
Rodrigo De Paul,MF,Argentina,28-201,Atlético Madrid,1994,5,5,425,4.7,0,0,0,0,0,0,0,0.00,0.00,0.00,0.00,0.00,0.7,0.7,0.2,1.0,0.16,0.05,0.20,0.16,0.20
Rodrygo,MF,Brazil,21-336,Real Madrid,2001,5,1,181,2.0,0,1,0,0,0,0,0,0.00,0.50,0.50,0.00,0.50,0.4,0.4,0.4,0.9,0.26,0.25,0.52,0.26,0.52
Rogelio Funes Mori,FW,Mexico,31-281,Monterrey,1991,1,0,5,0.1,0,0,0,0,0,0,0,0.00,0.00,0.00,0.00,0.00,0.1,0.1,0.0,0.1,1.23,0.00,1.23,1.23,1.23
Romain Saïss,DF,Morocco,32-260,Beşiktaş,1990,5,5,446,5.0,1,0,1,0,0,1,0,0.20,0.00,0.20,0.20,0.20,0.8,0.8,0.0,0.8,0.17,0.00,0.17,0.17,0.17
Romario Ibarra,MF,Ecuador,28-078,Pachuca,1994,2,1,68,0.8,0,0,0,0,0,0,0,0.00,0.00,0.00,0.00,0.00,0.1,0.1,0.0,0.1,0.19,0.00,0.19,0.19,0.19
Romelu Lukaku,FW,Belgium,29-212,Inter,1993,2,0,55,0.6,0,0,0,0,0,0,0,0.00,0.00,0.00,0.00,0.00,1.7,1.7,0.0,1.8,2.84,0.06,2.90,2.84,2.90
Roozbeh Cheshmi,DF,IR Iran,29-140,Esteghlal,1993,2,1,58,0.6,1,0,1,0,0,0,0,1.55,0.00,1.55,1.55,1.55,0.1,0.1,0.0,0.1,0.08,0.00,0.08,0.08,0.08
Ruben Vargas,FW,Switzerland,24-128,Augsburg,1998,4,4,285,3.2,0,1,0,0,0,1,0,0.00,0.32,0.32,0.00,0.32,0.3,0.3,0.6,0.9,0.11,0.19,0.30,0.11,0.30
Rubin Colwill,MF,Wales,20-228,Cardiff City,2002,1,0,10,0.1,0,0,0,0,0,0,0,0.00,0.00,0.00,0.00,0.00,0.0,0.0,0.0,0.0,0.21,0.00,0.21,0.21,0.21
Ró-Ró,DF,Qatar,32-127,Al Sadd SC,1990,3,3,262,2.9,0,0,0,0,0,0,0,0.00,0.00,0.00,0.00,0.00,0.1,0.1,0.0,0.1,0.02,0.00,0.02,0.02,0.02
Rónald Matarrita,DF,Costa Rica,28-155,FC Cincinnati,1994,2,0,26,0.3,0,0,0,0,0,0,0,0.00,0.00,0.00,0.00,0.00,0.0,0.0,0.0,0.0,0.00,0.00,0.00,0.00,0.00
Rúben Dias,DF,Portugal,25-211,Manchester City,1997,4,4,360,4.0,0,0,0,0,0,1,0,0.00,0.00,0.00,0.00,0.00,0.0,0.0,0.0,0.0,0.01,0.00,0.01,0.01,0.01
Rúben Neves,MF,Portugal,25-273,Wolves,1997,5,4,268,3.0,0,0,0,0,0,1,0,0.00,0.00,0.00,0.00,0.00,0.1,0.1,0.0,0.1,0.03,0.01,0.04,0.03,0.04
Saad Al Sheeb,GK,Qatar,32-295,Al Sadd SC,1990,1,1,90,1.0,0,0,0,0,0,1,0,0.00,0.00,0.00,0.00,0.00,0.0,0.0,0.0,0.0,0.00,0.00,0.00,0.00,0.00
Sadegh Moharrami,DF,IR Iran,26-285,Dinamo Zagreb,1996,1,1,90,1.0,0,0,0,0,0,0,0,0.00,0.00,0.00,0.00,0.00,0.0,0.0,0.0,0.0,0.00,0.00,0.00,0.00,0.00
Saeid Ezatolahi,MF,IR Iran,26-071,Vejle BK,1996,3,2,217,2.4,0,0,0,0,0,0,0,0.00,0.00,0.00,0.00,0.00,0.1,0.1,0.2,0.3,0.04,0.08,0.12,0.04,0.12
Saleh Al-Shehri,FW,Saudi Arabia,29-040,Al-Hilal,1993,3,3,223,2.5,1,0,1,0,0,1,0,0.40,0.00,0.40,0.40,0.40,0.1,0.1,0.1,0.2,0.03,0.05,0.09,0.03,0.09
Salem Al-Dawsari,MF,Saudi Arabia,31-114,Al-Hilal,1991,3,3,270,3.0,2,0,2,0,1,1,0,0.67,0.00,0.67,0.67,0.67,1.8,1.0,0.2,1.2,0.59,0.08,0.67,0.32,0.40
Salis Abdul Samed,MF,Ghana,22-260,Lens,2000,3,3,250,2.8,0,0,0,0,0,0,0,0.00,0.00,0.00,0.00,0.00,0.0,0.0,0.0,0.1,0.01,0.01,0.02,0.01,0.02
Salman Al-Faraj,MF,Saudi Arabia,33-132,Al-Hilal,1989,1,1,44,0.5,0,0,0,0,0,0,0,0.00,0.00,0.00,0.00,0.00,0.0,0.0,0.0,0.0,0.00,0.00,0.00,0.00,0.00
Sam Adekugbe,DF,Canada,27-329,Hatayspor,1995,3,1,95,1.1,0,0,0,0,0,1,0,0.00,0.00,0.00,0.00,0.00,0.0,0.0,0.1,0.1,0.00,0.09,0.09,0.00,0.09
Saman Ghoddos,MF,IR Iran,29-096,Brentford,1993,1,0,45,0.5,0,0,0,0,0,0,0,0.00,0.00,0.00,0.00,0.00,0.2,0.2,0.0,0.2,0.36,0.05,0.41,0.36,0.41
Sami Al-Najei,MF,Saudi Arabia,25-307,Al-Nassr,1997,1,1,45,0.5,0,0,0,0,0,0,0,0.00,0.00,0.00,0.00,0.00,0.0,0.0,0.0,0.0,0.00,0.00,0.00,0.00,0.00
Samuel Oum Gouet,MF,Cameroon,24-363,Mechelen,1997,2,1,100,1.1,0,0,0,0,0,0,0,0.00,0.00,0.00,0.00,0.00,0.0,0.0,0.0,0.0,0.00,0.00,0.00,0.00,0.00
Sardar Azmoun,FW,IR Iran,27-344,Leverkusen,1995,3,2,126,1.4,0,0,0,0,0,0,0,0.00,0.00,0.00,0.00,0.00,0.9,0.9,0.1,1.0,0.67,0.05,0.71,0.67,0.71
Saud Abdulhamid,DF,Saudi Arabia,23-146,Al-Hilal,1999,3,3,270,3.0,0,0,0,0,0,1,0,0.00,0.00,0.00,0.00,0.00,0.0,0.0,0.0,0.1,0.01,0.02,0.02,0.01,0.02
Saša Lukić,MF,Serbia,26-120,Torino,1996,3,3,245,2.7,0,0,0,0,0,1,0,0.00,0.00,0.00,0.00,0.00,0.1,0.1,0.0,0.1,0.02,0.00,0.02,0.02,0.02
Sebastian Szymański,MF,Poland,23-215,Feyenoord,1999,2,2,134,1.5,0,0,0,0,0,0,0,0.00,0.00,0.00,0.00,0.00,0.0,0.0,0.0,0.0,0.00,0.00,0.00,0.00,0.00
Sebastián Coates,DF,Uruguay,32-065,Sporting CP,1990,2,2,180,2.0,0,0,0,0,0,1,0,0.00,0.00,0.00,0.00,0.00,0.1,0.1,0.0,0.1,0.05,0.00,0.05,0.05,0.05
Selim Amallah,MF,Morocco,26-026,Standard Liège,1996,5,4,327,3.6,0,0,0,0,0,0,0,0.00,0.00,0.00,0.00,0.00,0.2,0.2,0.1,0.3,0.06,0.02,0.08,0.06,0.08
Serge Gnabry,FW,Germany,27-150,Bayern Munich,1995,3,3,263,2.9,1,1,1,0,0,0,0,0.34,0.34,0.68,0.34,0.68,1.1,1.1,1.5,2.6,0.37,0.51,0.88,0.37,0.88
Sergej Milinković-Savić,MF,Serbia,27-287,Lazio,1995,3,3,233,2.6,1,0,1,0,0,1,0,0.39,0.00,0.39,0.39,0.39,0.2,0.2,0.0,0.2,0.07,0.00,0.07,0.07,0.07
Sergio Busquets,MF,Spain,34-148,Barcelona,1988,4,4,363,4.0,0,0,0,0,0,1,0,0.00,0.00,0.00,0.00,0.00,0.1,0.1,0.1,0.2,0.04,0.02,0.06,0.04,0.06
Sergio Rochet,GK,Uruguay,29-263,Nacional,1993,3,3,270,3.0,0,0,0,0,0,0,0,0.00,0.00,0.00,0.00,0.00,0.0,0.0,0.0,0.0,0.00,0.00,0.00,0.00,0.00
Sergiño Dest,DF,United States,22-038,Milan,2000,4,4,305,3.4,0,1,0,0,0,1,0,0.00,0.30,0.30,0.00,0.30,0.2,0.2,0.5,0.7,0.07,0.15,0.22,0.07,0.22
Shaquell Moore,DF,United States,26-039,Nashville,1996,2,0,22,0.2,0,0,0,0,0,0,0,0.00,0.00,0.00,0.00,0.00,0.0,0.0,0.0,0.0,0.00,0.00,0.00,0.00,0.00
Shogo Taniguchi,DF,Japan,31-149,Kawa Frontale,1991,2,2,210,2.3,0,0,0,0,0,1,0,0.00,0.00,0.00,0.00,0.00,0.2,0.2,0.0,0.2,0.12,0.00,0.12,0.12,0.12
Shūichi Gonda,GK,Japan,33-283,S-Pulse,1989,4,4,390,4.3,0,0,0,0,0,0,0,0.00,0.00,0.00,0.00,0.00,0.0,0.0,0.0,0.0,0.00,0.00,0.00,0.00,0.00
Silvan Widmer,DF,Switzerland,29-281,Mainz 05,1993,3,3,265,2.9,0,1,0,0,0,1,0,0.00,0.34,0.34,0.00,0.34,0.0,0.0,0.8,0.9,0.01,0.29,0.30,0.01,0.30
Simon Kjær,DF,Denmark,33-260,Milan,1989,1,1,64,0.7,0,0,0,0,0,0,0,0.00,0.00,0.00,0.00,0.00,0.0,0.0,0.0,0.0,0.00,0.00,0.00,0.00,0.00
Sofiane Boufal,FW,Morocco,29-085,Angers,1993,5,5,347,3.9,0,0,0,0,0,0,0,0.00,0.00,0.00,0.00,0.00,0.2,0.2,0.3,0.4,0.04,0.07,0.11,0.04,0.11
Sofyan Amrabat,MF,Morocco,26-112,Fiorentina,1996,5,5,480,5.3,0,0,0,0,0,1,0,0.00,0.00,0.00,0.00,0.00,0.0,0.0,0.0,0.0,0.00,0.00,0.00,0.00,0.00
Son Heung-min,FW,Korea Republic,30-156,Tottenham,1992,4,4,360,4.0,0,1,0,0,0,0,0,0.00,0.25,0.25,0.00,0.25,0.4,0.4,1.0,1.4,0.11,0.24,0.35,0.11,0.35
Son Jun-ho,MF,Korea Republic,30-213,Shandong Lunen,1992,3,0,72,0.8,0,0,0,0,0,0,0,0.00,0.00,0.00,0.00,0.00,0.0,0.0,0.0,0.0,0.00,0.00,0.00,0.00,0.00
Sorba Thomas,MF,Wales,23-111,Huddersfield,1999,1,0,1,0.0,0,0,0,0,0,0,0,0.00,0.00,0.00,0.00,0.00,0.0,0.0,0.0,0.0,0.00,0.00,0.00,0.00,0.00
Srđan Babić,DF,Serbia,26-233,Almería,1996,1,0,13,0.1,0,0,0,0,0,0,0,0.00,0.00,0.00,0.00,0.00,0.0,0.0,0.0,0.0,0.00,0.00,0.00,0.00,0.00
Stefan Mitrović,DF,Serbia,32-203,Getafe,1990,1,0,35,0.4,0,0,0,0,0,0,0,0.00,0.00,0.00,0.00,0.00,0.0,0.0,0.0,0.0,0.00,0.00,0.00,0.00,0.00
Stephen Eustáquio,MF,Canada,25-355,Porto,1996,2,2,125,1.4,0,0,0,0,0,0,0,0.00,0.00,0.00,0.00,0.00,0.2,0.2,0.2,0.3,0.13,0.11,0.24,0.13,0.24
Steve Mandanda,GK,France,37-258,Rennes,1985,1,1,90,1.0,0,0,0,0,0,0,0,0.00,0.00,0.00,0.00,0.00,0.0,0.0,0.0,0.0,0.00,0.00,0.00,0.00,0.00
Steven Berghuis,MF,Netherlands,30-357,Ajax,1991,4,1,200,2.2,0,1,0,0,0,1,0,0.00,0.45,0.45,0.00,0.45,0.3,0.3,0.1,0.3,0.13,0.04,0.17,0.13,0.17
Steven Bergwijn,FW,Netherlands,25-064,Ajax,1997,4,3,213,2.4,0,0,0,0,0,1,0,0.00,0.00,0.00,0.00,0.00,0.5,0.5,0.0,0.5,0.21,0.00,0.21,0.21,0.21
Steven Vitória,DF,Canada,35-334,Chaves,1987,3,3,270,3.0,0,0,0,0,0,1,0,0.00,0.00,0.00,0.00,0.00,0.0,0.0,0.0,0.0,0.00,0.00,0.00,0.00,0.00
Strahinja Pavlović,DF,Serbia,21-201,RB Salzburg,2001,3,3,235,2.6,1,0,1,0,0,2,0,0.38,0.00,0.38,0.38,0.38,0.2,0.2,0.0,0.2,0.07,0.00,0.07,0.07,0.07
Sultan Al-Ghanam,DF,Saudi Arabia,28-219,Al-Nassr,1994,3,1,126,1.4,0,0,0,0,0,0,0,0.00,0.00,0.00,0.00,0.00,0.2,0.2,0.1,0.2,0.12,0.05,0.17,0.12,0.17
Taha Yassine Khenissi,FW,Tunisia,30-339,Kuwait SC,1992,2,0,29,0.3,0,0,0,0,0,1,0,0.00,0.00,0.00,0.00,0.00,0.0,0.0,0.1,0.2,0.06,0.45,0.51,0.06,0.51
Tajon Buchanan,MF,Canada,23-306,Club Brugge,1999,3,3,260,2.9,0,1,0,0,0,1,0,0.00,0.35,0.35,0.00,0.35,0.9,0.9,0.5,1.4,0.33,0.17,0.50,0.33,0.50
Takefusa Kubo,FW,Japan,21-190,Real Sociedad,2001,2,2,90,1.0,0,0,0,0,0,0,0,0.00,0.00,0.00,0.00,0.00,0.0,0.0,0.0,0.0,0.00,0.00,0.00,0.00,0.00
Takehiro Tomiyasu,DF,Japan,24-036,Arsenal,1998,3,1,187,2.1,0,0,0,0,0,0,0,0.00,0.00,0.00,0.00,0.00,0.0,0.0,0.2,0.2,0.00,0.11,0.11,0.00,0.11
Takuma Asano,FW,Japan,28-031,Bochum,1994,4,0,165,1.8,1,0,1,0,0,0,0,0.55,0.00,0.55,0.55,0.55,0.7,0.7,0.2,0.9,0.44,0.17,0.60,0.44,0.60
Takumi Minamino,FW,Japan,27-329,Monaco,1995,3,0,60,0.7,0,0,0,0,0,0,0,0.00,0.00,0.00,0.00,0.00,0.1,0.1,0.0,0.1,0.36,0.00,0.36,0.36,0.36
Tarek Salman,DF,Qatar,25-006,Al Sadd SC,1997,1,0,8,0.1,0,0,0,0,0,0,0,0.00,0.00,0.00,0.00,0.00,0.0,0.0,0.0,0.0,0.00,0.00,0.00,0.00,0.00
Tariq Lamptey,DF,Ghana,22-072,Brighton,2000,2,1,102,1.1,0,0,0,0,0,1,0,0.00,0.00,0.00,0.00,0.00,0.1,0.1,0.0,0.1,0.06,0.00,0.06,0.06,0.06
Teun Koopmeiners,MF,Netherlands,24-286,Atalanta,1998,5,1,219,2.4,0,1,0,0,0,1,0,0.00,0.41,0.41,0.00,0.41,0.1,0.1,0.2,0.3,0.04,0.09,0.13,0.04,0.13
Theo Hernández,DF,France,25-066,Milan,1997,4,3,348,3.9,0,2,0,0,0,1,0,0.00,0.52,0.52,0.00,0.52,0.3,0.3,1.2,1.5,0.07,0.32,0.39,0.07,0.39
Thiago Almada,MF,Argentina,21-229,Atlanta Utd,2001,1,0,7,0.1,0,0,0,0,0,0,0,0.00,0.00,0.00,0.00,0.00,0.0,0.0,0.2,0.2,0.00,3.16,3.16,0.00,3.16
Thiago Silva,DF,Brazil,38-080,Chelsea,1984,4,4,390,4.3,0,1,0,0,0,0,0,0.00,0.23,0.23,0.00,0.23,0.2,0.2,0.9,1.1,0.04,0.23,0.27,0.04,0.27
Thibaut Courtois,GK,Belgium,30-214,Real Madrid,1992,3,3,270,3.0,0,0,0,0,0,0,0,0.00,0.00,0.00,0.00,0.00,0.0,0.0,0.0,0.0,0.00,0.00,0.00,0.00,0.00
Thilo Kehrer,DF,Germany,26-081,West Ham,1996,1,1,69,0.8,0,0,0,0,0,1,0,0.00,0.00,0.00,0.00,0.00,0.0,0.0,0.0,0.0,0.00,0.00,0.00,0.00,0.00
Thomas Delaney,MF,Denmark,31-099,Sevilla,1991,1,1,44,0.5,0,0,0,0,0,0,0,0.00,0.00,0.00,0.00,0.00,0.0,0.0,0.0,0.0,0.00,0.00,0.00,0.00,0.00
Thomas Meunier,DF,Belgium,31-090,Dortmund,1991,3,2,211,2.3,0,0,0,0,0,1,0,0.00,0.00,0.00,0.00,0.00,0.2,0.2,0.5,0.7,0.09,0.21,0.30,0.09,0.30
Thomas Müller,FW,Germany,33-089,Bayern Munich,1989,3,3,201,2.2,0,0,0,0,0,0,0,0.00,0.00,0.00,0.00,0.00,0.3,0.3,0.6,0.9,0.14,0.28,0.42,0.14,0.42
Thomas Partey,MF,Ghana,29-181,Arsenal,1993,3,3,270,3.0,0,0,0,0,0,0,0,0.00,0.00,0.00,0.00,0.00,0.2,0.2,0.1,0.3,0.07,0.02,0.09,0.07,0.09
Thorgan Hazard,FW,Belgium,29-257,Dortmund,1993,2,1,106,1.2,0,0,0,0,0,0,0,0.00,0.00,0.00,0.00,0.00,0.0,0.0,1.3,1.3,0.00,1.07,1.07,0.00,1.07
Tim Ream,DF,United States,35-067,Fulham,1987,4,4,360,4.0,0,0,0,0,0,1,0,0.00,0.00,0.00,0.00,0.00,0.3,0.3,0.0,0.3,0.07,0.00,0.07,0.07,0.07
Timothy Castagne,DF,Belgium,27-006,Leicester City,1995,3,3,270,3.0,0,0,0,0,0,0,0,0.00,0.00,0.00,0.00,0.00,0.0,0.0,0.0,0.0,0.00,0.00,0.00,0.00,0.00
Timothy Weah,FW,United States,22-292,Lille,2000,4,4,316,3.5,1,0,1,0,0,0,0,0.28,0.00,0.28,0.28,0.28,0.6,0.6,0.4,1.1,0.18,0.12,0.31,0.18,0.31
Toby Alderweireld,DF,Belgium,33-284,Antwerp,1989,3,3,270,3.0,0,1,0,0,0,0,0,0.00,0.33,0.33,0.00,0.33,0.0,0.0,0.3,0.3,0.00,0.11,0.11,0.00,0.11
Trent Alexander-Arnold,DF,England,24-065,Liverpool,1998,1,0,34,0.4,0,0,0,0,0,0,0,0.00,0.00,0.00,0.00,0.00,0.0,0.0,0.0,0.0,0.00,0.00,0.00,0.00,0.00
Tyler Adams,MF,United States,23-300,Leeds United,1999,4,4,360,4.0,0,0,0,0,0,1,0,0.00,0.00,0.00,0.00,0.00,0.0,0.0,0.4,0.5,0.01,0.11,0.12,0.01,0.12
Unai Simón,GK,Spain,25-183,Athletic Club,1997,4,4,390,4.3,0,0,0,0,0,0,0,0.00,0.00,0.00,0.00,0.00,0.0,0.0,0.0,0.0,0.00,0.00,0.00,0.00,0.00
Uriel Antuna,FW,Mexico,25-112,Cruz Azul,1997,3,0,77,0.9,0,0,0,0,0,0,0,0.00,0.00,0.00,0.00,0.00,0.2,0.2,0.0,0.2,0.18,0.02,0.20,0.18,0.20
Vanja Milinković-Savić,GK,Serbia,25-294,Torino,1997,3,3,270,3.0,0,0,0,0,0,0,0,0.00,0.00,0.00,0.00,0.00,0.0,0.0,0.0,0.0,0.00,0.00,0.00,0.00,0.00
Victor Nelsson,DF,Denmark,24-058,Galatasaray,1998,1,1,90,1.0,0,0,0,0,0,0,0,0.00,0.00,0.00,0.00,0.00,0.0,0.0,0.0,0.0,0.00,0.00,0.00,0.00,0.00
Vincent Aboubakar,FW,Cameroon,30-323,Al-Nassr,1992,3,1,142,1.6,2,1,2,0,0,2,1,1.27,0.63,1.90,1.27,1.90,0.6,0.6,0.6,1.2,0.37,0.39,0.76,0.37,0.76
Vincent Janssen,FW,Netherlands,28-179,Antwerp,1994,2,1,86,1.0,0,0,0,0,0,0,0,0.00,0.00,0.00,0.00,0.00,0.1,0.1,0.0,0.1,0.09,0.04,0.13,0.09,0.13
Vinicius Júnior,FW,Brazil,22-152,Real Madrid,2000,4,4,299,3.3,1,2,1,0,0,0,0,0.30,0.60,0.90,0.30,0.90,1.0,1.0,0.7,1.7,0.30,0.20,0.50,0.30,0.50
Virgil van Dijk,DF,Netherlands,31-156,Liverpool,1991,5,5,480,5.3,0,0,0,0,0,0,0,0.00,0.00,0.00,0.00,0.00,0.2,0.2,0.1,0.3,0.04,0.03,0.07,0.04,0.07
Vitinha,MF,Portugal,22-301,Paris S-G,2000,3,1,120,1.3,0,0,0,0,0,1,0,0.00,0.00,0.00,0.00,0.00,0.1,0.1,0.0,0.1,0.05,0.03,0.08,0.05,0.08
Wahbi Khazri,FW,Tunisia,31-306,Montpellier,1991,2,1,83,0.9,1,0,1,0,0,0,0,1.08,0.00,1.08,1.08,1.08,0.4,0.4,0.0,0.4,0.47,0.00,0.47,0.47,0.47
Wajdi Kechrida,DF,Tunisia,27-036,Atromitos,1995,3,1,111,1.2,0,0,0,0,0,1,0,0.00,0.00,0.00,0.00,0.00,0.0,0.0,0.1,0.1,0.00,0.08,0.08,0.00,0.08
Walid Cheddira,FW,Morocco,24-323,Bari,1998,2,0,64,0.7,0,0,0,0,0,2,1,0.00,0.00,0.00,0.00,0.00,0.5,0.5,0.0,0.5,1.24,0.00,1.24,1.24,1.24
Walker Zimmerman,DF,United States,29-206,Nashville,1993,4,3,279,3.1,0,0,0,0,0,0,0,0.00,0.00,0.00,0.00,0.00,0.1,0.1,0.0,0.1,0.02,0.00,0.02,0.02,0.02
Wataru Endo,MF,Japan,29-305,Stuttgart,1993,4,3,304,3.4,0,0,0,0,0,1,0,0.00,0.00,0.00,0.00,0.00,0.2,0.2,0.5,0.6,0.06,0.15,0.21,0.06,0.21
Wayne Hennessey,GK,Wales,35-321,Nott'ham Forest,1987,2,2,175,1.9,0,0,0,0,0,0,1,0.00,0.00,0.00,0.00,0.00,0.0,0.0,0.0,0.0,0.00,0.00,0.00,0.00,0.00
Weston McKennie,MF,United States,24-105,Juventus,1998,4,4,271,3.0,0,0,0,0,0,1,0,0.00,0.00,0.00,0.00,0.00,0.4,0.4,0.4,0.8,0.13,0.13,0.27,0.13,0.27
William Carvalho,MF,Portugal,30-248,Betis,1992,4,2,215,2.4,0,0,0,0,0,0,0,0.00,0.00,0.00,0.00,0.00,0.1,0.1,0.0,0.1,0.03,0.00,0.03,0.03,0.03
William Saliba,DF,France,21-262,Arsenal,2001,1,0,28,0.3,0,0,0,0,0,0,0,0.00,0.00,0.00,0.00,0.00,0.0,0.0,0.0,0.0,0.00,0.11,0.11,0.00,0.11
Wojciech Szczęsny,GK,Poland,32-237,Juventus,1990,4,4,360,4.0,0,0,0,0,0,0,0,0.00,0.00,0.00,0.00,0.00,0.0,0.0,0.0,0.0,0.00,0.00,0.00,0.00,0.00
Wout Weghorst,FW,Netherlands,30-126,Beşiktaş,1992,4,0,64,0.7,2,0,2,0,0,1,0,2.81,0.00,2.81,2.81,2.81,0.2,0.2,0.0,0.2,0.52,0.08,0.60,0.52,0.60
Wéverton,GK,Brazil,34-363,Palmeiras,1987,1,0,11,0.1,0,0,0,0,0,0,0,0.00,0.00,0.00,0.00,0.00,0.0,0.0,0.0,0.0,0.00,0.00,0.00,0.00,0.00
Xavi Simons,FW,Netherlands,19-234,PSV Eindhoven,2003,1,0,9,0.1,0,0,0,0,0,0,0,0.00,0.00,0.00,0.00,0.00,0.0,0.0,0.0,0.0,0.00,0.00,0.00,0.00,0.00
Xherdan Shaqiri,FW,Switzerland,31-062,Chicago Fire,1991,3,3,229,2.5,1,1,1,0,0,0,0,0.39,0.39,0.79,0.39,0.79,0.3,0.3,0.9,1.2,0.12,0.35,0.47,0.12,0.47
Yahya Attiat Allah,DF,Morocco,27-284,Wydad Casablanca,1995,4,1,183,2.0,0,1,0,0,0,0,0,0.00,0.49,0.49,0.00,0.49,0.1,0.1,1.1,1.2,0.05,0.65,0.70,0.05,0.70
Yahya Jabrane,MF,Morocco,31-176,Wydad Casablanca,1991,2,0,15,0.2,0,0,0,0,0,0,0,0.00,0.00,0.00,0.00,0.00,,,,,,,,,
Yann Sommer,GK,Switzerland,33-359,M'Gladbach,1988,3,3,270,3.0,0,0,0,0,0,0,0,0.00,0.00,0.00,0.00,0.00,0.0,0.0,0.0,0.0,0.00,0.00,0.00,0.00,0.00
Yannick Carrasco,FW,Belgium,29-098,Atlético Madrid,1993,2,2,116,1.3,0,0,0,0,0,1,0,0.00,0.00,0.00,0.00,0.00,0.3,0.3,0.0,0.3,0.22,0.00,0.22,0.22,0.22
Yasser Al-Shahrani,DF,Saudi Arabia,30-200,Al-Hilal,1992,1,1,89,1.0,0,0,0,0,0,0,0,0.00,0.00,0.00,0.00,0.00,0.0,0.0,0.0,0.0,0.00,0.00,0.00,0.00,0.00
Yassine Bounou,GK,Morocco,31-250,Sevilla,1991,4,4,390,4.3,0,0,0,0,0,0,0,0.00,0.00,0.00,0.00,0.00,0.0,0.0,0.0,0.0,0.00,0.00,0.00,0.00,0.00
Yassine Meriah,DF,Tunisia,29-162,Espérance de Tunis,1993,3,3,270,3.0,0,0,0,0,0,0,0,0.00,0.00,0.00,0.00,0.00,0.1,0.1,0.0,0.1,0.02,0.01,0.04,0.02,0.04
Yeltsin Tejeda,MF,Costa Rica,30-269,Club Sport Herediano,1992,3,3,269,3.0,1,1,1,0,0,0,0,0.33,0.33,0.67,0.33,0.67,0.4,0.4,0.1,0.5,0.14,0.02,0.17,0.14,0.17
Youri Tielemans,MF,Belgium,25-218,Leicester City,1997,3,1,95,1.1,0,0,0,0,0,0,0,0.00,0.00,0.00,0.00,0.00,0.0,0.0,0.1,0.1,0.00,0.07,0.07,0.00,0.07
Youssef En-Nesyri,FW,Morocco,25-193,Sevilla,1997,5,5,387,4.3,2,0,2,0,0,0,0,0.47,0.00,0.47,0.47,0.47,0.8,0.8,0.0,0.9,0.19,0.01,0.20,0.19,0.20
Youssef Msakni,MF,Tunisia,32-044,Al-Arabi SC,1990,2,2,169,1.9,0,0,0,0,0,0,0,0.00,0.00,0.00,0.00,0.00,0.5,0.5,0.6,1.2,0.29,0.34,0.62,0.29,0.62
Youssouf Fofana,MF,France,23-335,Monaco,1999,4,1,112,1.2,0,0,0,0,0,0,0,0.00,0.00,0.00,0.00,0.00,0.0,0.0,0.2,0.2,0.03,0.12,0.16,0.03,0.16
Youssouf Sabaly,DF,Senegal,29-281,Betis,1993,4,4,360,4.0,0,0,0,0,0,0,0,0.00,0.00,0.00,0.00,0.00,0.0,0.0,0.7,0.7,0.01,0.16,0.18,0.01,0.18
Youssoufa Moukoko,FW,Germany,18-021,Dortmund,2004,1,0,1,0.0,0,0,0,0,0,0,0,0.00,0.00,0.00,0.00,0.00,0.0,0.0,0.0,0.0,0.00,0.00,0.00,0.00,0.00
Youstin Salas,DF,Costa Rica,26-177,Deportivo Saprissa,1996,2,0,47,0.5,0,0,0,0,0,0,0,0.00,0.00,0.00,0.00,0.00,0.0,0.0,0.0,0.0,0.00,0.00,0.00,0.00,0.00
Yuki Soma,FW,Japan,25-289,Grampus,1997,1,1,81,0.9,0,0,0,0,0,0,0,0.00,0.00,0.00,0.00,0.00,0.2,0.2,0.0,0.2,0.21,0.00,0.21,0.21,0.21
Yunus Musah,MF,United States,20-012,Valencia,2002,4,4,343,3.8,0,0,0,0,0,0,0,0.00,0.00,0.00,0.00,0.00,0.3,0.3,0.1,0.4,0.08,0.02,0.11,0.08,0.11
Yuto Nagatomo,MF,Japan,36-090,FC Tokyo,1986,4,4,209,2.3,0,0,0,0,0,0,0,0.00,0.00,0.00,0.00,0.00,0.0,0.0,0.1,0.1,0.00,0.05,0.05,0.00,0.05
Zakaria Aboukhlal,MF,Morocco,22-296,Toulouse,2000,3,0,54,0.6,1,0,1,0,0,0,0,1.67,0.00,1.67,1.67,1.67,1.0,1.0,0.0,1.0,1.63,0.00,1.63,1.63,1.63
Álvaro Morata,FW,Spain,30-049,Atlético Madrid,1992,4,1,185,2.1,3,1,3,0,0,0,0,1.46,0.49,1.95,1.46,1.95,1.4,1.4,0.2,1.6,0.79,0.14,0.93,0.79,0.93
Álvaro Zamora,MF,Costa Rica,20-277,Deportivo Saprissa,2002,1,0,30,0.3,0,0,0,0,0,0,0,0.00,0.00,0.00,0.00,0.00,0.0,0.0,0.0,0.0,0.00,0.00,0.00,0.00,0.00
Ángel Di María,MF,Argentina,34-300,Juventus,1988,4,3,225,2.5,0,1,0,0,0,0,0,0.00,0.40,0.40,0.00,0.40,0.1,0.1,0.4,0.6,0.06,0.18,0.24,0.06,0.24
Ángelo Preciado,DF,Ecuador,24-296,Genk,1998,3,3,264,2.9,0,1,0,0,0,0,0,0.00,0.34,0.34,0.00,0.34,0.1,0.1,0.4,0.5,0.02,0.14,0.17,0.02,0.17
Éder Militão,DF,Brazil,24-327,Real Madrid,1998,4,4,347,3.9,0,0,0,0,0,1,0,0.00,0.00,0.00,0.00,0.00,0.2,0.2,0.0,0.2,0.05,0.01,0.05,0.05,0.05
Óscar Duarte,DF,Costa Rica,33-191,Al-Wehda,1989,3,3,270,3.0,0,0,0,0,0,1,0,0.00,0.00,0.00,0.00,0.00,0.0,0.0,0.3,0.3,0.00,0.09,0.09,0.00,0.09
İlkay Gündoğan,MF,Germany,32-048,Manchester City,1990,3,3,189,2.1,1,0,0,1,1,0,0,0.48,0.00,0.48,0.00,0.00,1.1,0.4,0.1,0.5,0.54,0.05,0.60,0.17,0.22
